﻿atitle,ahref
臺灣各國際港出港航次前十大港口,https://data.motcmpb.gov.tw/ListFolders/Document/111090?name=111090
臺灣各國際港進港航次前十大港口,https://data.motcmpb.gov.tw/ListFolders/Document/111089?name=111089
臺灣地區各港海峽兩岸航線進出港貨物國輪與外輪承運量按地區分,https://data.motcmpb.gov.tw/ListFolders/Document/106885?name=106885
新南向國家進港至臺灣各國際港前十大港口之船舶運能統計,https://data.motcmpb.gov.tw/ListFolders/Document/106884?name=106884
臺灣各國際港出港新南向國家前十大港口之船舶運能統計,https://data.motcmpb.gov.tw/ListFolders/Document/106877?name=106877
