﻿atitle,ahref
臺灣地區各港海峽兩岸航線進港散裝大宗貨物數量,https://data.motcmpb.gov.tw/ListFolders/Document/106901?name=106901
臺灣地區各港自由貿易港區事業輸往國外雜貨數量,https://data.motcmpb.gov.tw/ListFolders/Document/106900?name=106900
臺灣地區各港自由貿易港區事業進儲國外雜貨數量,https://data.motcmpb.gov.tw/ListFolders/Document/106899?name=106899
臺灣地區各港進出港貨物國輪與外輪承運量按地區分,https://data.motcmpb.gov.tw/ListFolders/Document/106875?name=106875
