時間(年月),航務中心,船舶種類,丈量_淨噸位,丈量_總噸位,丈量_艘數,檢查_淨噸位,檢查_總噸位,檢查_艘數
10001,南部航務中心,小船,3,0,3,112,309,86
10001,南部航務中心,其他,312,93,2,2001,5480,12
10001,北部航務中心,輪船,0,0,0,410,1366,2
10002,東部航務中心,小船,0,0,0,1,4,1
10003,東部航務中心,小船,0,0,0,18,58,6
10003,南部航務中心,小船,4,0,4,100,419,134
10003,北部航務中心,拖駁船,0,0,0,94,313,2
10003,中部航務中心,漁船,0,0,0,165,560,8
10004,中部航務中心,其他,0,0,0,453,996,1
10005,南部航務中心,漁船,1059,520,2,4953,12894,81
10005,南部航務中心,拖駁船,0,0,0,229,765,3
10005,中部航務中心,漁船,0,0,0,150,471,9
10006,南部航務中心,輪船,42,12,1,3312,9194,24
10006,中部航務中心,輪船,0,0,0,48,164,4
10007,北部航務中心,其他,0,0,0,216,722,10
10007,中部航務中心,小船,0,0,0,3,27,16
10008,東部航務中心,其他,0,0,0,9,30,1
10010,北部航務中心,輪船,0,0,0,410,1366,2
10011,東部航務中心,小船,0,0,0,17,53,6
10011,東部航務中心,漁船,0,0,0,81,237,6
10011,北部航務中心,拖駁船,0,0,0,145,514,2
10011,中部航務中心,其他,0,0,0,339,1134,3
10012,北部航務中心,漁船,79,24,2,414,1344,18
10101,南部航務中心,小船,19,5,8,97,271,66
10102,南部航務中心,漁船,437,144,6,4984,12942,100
10104,南部航務中心,小船,47,11,7,92,373,66
10104,北部航務中心,小船,0,0,0,43,164,24
10105,東部航務中心,小船,0,0,0,4,15,5
10105,南部航務中心,小船,15,1,9,238,850,173
10105,南部航務中心,拖駁船,0,0,0,1113,2899,5
10105,中部航務中心,漁船,0,0,0,173,569,10
10106,東部航務中心,輪船,0,0,0,160,476,1
10106,北部航務中心,拖駁船,0,0,0,99,331,1
10107,東部航務中心,其他,0,0,0,9,30,1
10107,南部航務中心,輪船,0,0,0,5417,14532,18
10107,南部航務中心,漁船,229,73,2,19399,43143,137
10109,中部航務中心,小船,0,0,0,0,2,2
10109,中部航務中心,拖駁船,0,0,0,13,45,1
10110,南部航務中心,漁船,1599,734,4,8175,20826,90
10111,南部航務中心,小船,34,6,9,114,402,105
10111,南部航務中心,拖駁船,0,0,0,665,2262,9
10111,北部航務中心,漁船,0,0,0,1093,3283,31
10112,中部航務中心,漁船,0,0,0,103,270,8
10112,中部航務中心,其他,0,0,0,995,2805,2
10201,南部航務中心,拖駁船,56,16,1,556,1796,8
10201,北部航務中心,漁船,33,10,1,862,2647,26
10202,東部航務中心,小船,0,0,0,24,59,9
10202,東部航務中心,漁船,0,0,0,54,142,5
10202,南部航務中心,輪船,1356,532,1,3996,10007,11
10202,北部航務中心,輪船,0,0,0,1242,2101,2
10203,東部航務中心,小船,0,0,0,23,59,9
10205,北部航務中心,小船,23,8,2,198,730,136
10206,南部航務中心,小船,11,1,9,165,572,217
10206,南部航務中心,拖駁船,0,0,0,1086,2819,6
10206,北部航務中心,小船,30,7,6,149,516,124
10207,北部航務中心,漁船,83,25,1,1792,4575,42
10207,中部航務中心,輪船,0,0,0,12,41,1
10207,中部航務中心,拖駁船,0,0,0,98,328,1
10208,東部航務中心,拖駁船,0,0,0,98,329,1
10208,北部航務中心,輪船,0,0,0,2823,6732,2
10208,北部航務中心,漁船,245,84,4,2375,6973,40
10209,南部航務中心,輪船,0,0,0,856,2182,7
10209,北部航務中心,小船,28,8,4,82,298,78
10209,中部航務中心,輪船,0,0,0,254,850,2
10209,中部航務中心,小船,0,0,0,12,45,8
10210,南部航務中心,漁船,1626,498,3,12924,33239,131
10211,南部航務中心,其他,0,0,0,1697,4206,20
10211,中部航務中心,漁船,0,0,0,45,156,4
10301,北部航務中心,小船,11,2,2,26,119,29
10304,東部航務中心,其他,0,0,0,761,2537,2
10304,南部航務中心,漁船,340,138,2,7593,18816,101
10304,北部航務中心,漁船,69,20,1,1454,4420,49
10304,中部航務中心,漁船,0,0,0,206,675,8
10305,南部航務中心,拖駁船,0,0,0,226,758,3
10306,中部航務中心,其他,0,0,0,416,1393,4
10307,中部航務中心,輪船,0,0,0,692,1304,3
10308,東部航務中心,漁船,0,0,0,165,447,12
10308,南部航務中心,拖駁船,0,0,0,580,2030,9
10308,北部航務中心,輪船,0,0,0,2000,6014,2
10309,北部航務中心,小船,3,0,3,85,272,39
10310,北部航務中心,漁船,0,0,0,740,2277,30
10310,中部航務中心,小船,0,0,0,91,205,32
10311,南部航務中心,輪船,290,104,1,2974,4959,9
10311,北部航務中心,拖駁船,0,0,0,101,336,1
10312,東部航務中心,其他,0,0,0,9,30,1
10312,北部航務中心,小船,17,4,2,60,248,54
10401,中部航務中心,輪船,0,0,0,997,2806,3
10402,南部航務中心,漁船,24,8,1,4826,12053,107
10402,南部航務中心,其他,173,51,1,1307,4325,10
10402,北部航務中心,漁船,28,12,1,797,2506,25
10403,東部航務中心,小船,4,1,1,82,251,37
10403,東部航務中心,漁船,0,0,0,33,111,4
10403,中部航務中心,輪船,0,0,0,2511,6419,7
10404,北部航務中心,輪船,0,0,0,256,709,5
10404,中部航務中心,其他,0,0,0,303,1015,4
10405,南部航務中心,拖駁船,0,0,0,90,302,1
10405,中部航務中心,小船,1,0,1,112,322,76
10406,東部航務中心,漁船,0,0,0,124,342,9
10406,北部航務中心,小船,16,4,3,188,676,152
10407,南部航務中心,其他,2013,603,1,3999,13249,22
10407,北部航務中心,漁船,392,124,4,1270,3730,43
10407,中部航務中心,輪船,0,0,0,587,1902,5
10407,中部航務中心,漁船,0,0,0,217,681,10
10407,中部航務中心,其他,0,0,0,470,1053,2
10408,南部航務中心,漁船,3250,1168,7,8950,22886,113
10408,中部航務中心,其他,0,0,0,295,687,3
10410,東部航務中心,小船,17,5,1,89,234,22
10410,東部航務中心,其他,0,0,0,9,30,1
10410,南部航務中心,輪船,0,0,0,3711,9306,14
10410,南部航務中心,拖駁船,0,0,0,727,2519,8
10410,北部航務中心,輪船,0,0,0,4365,10402,5
10411,南部航務中心,其他,0,0,0,1824,6076,12
10411,中部航務中心,漁船,0,0,0,160,445,10
10412,東部航務中心,拖駁船,0,0,0,106,354,1
10412,中部航務中心,其他,0,0,0,368,1232,4
10501,中部航務中心,漁船,28,8,1,8,28,1
10502,南部航務中心,小船,49,10,13,78,275,81
10502,北部航務中心,其他,0,0,0,174,583,3
10503,東部航務中心,小船,0,0,0,44,139,19
10503,東部航務中心,漁船,0,0,0,104,293,7
10503,南部航務中心,拖駁船,38,11,1,724,2430,11
10503,北部航務中心,輪船,0,0,0,2916,5508,4
10504,東部航務中心,漁船,0,0,0,31,107,3
10504,東部航務中心,其他,0,0,0,185,616,2
10504,北部航務中心,小船,0,0,0,45,184,34
10504,中部航務中心,拖駁船,0,0,0,106,354,1
10505,中部航務中心,輪船,0,0,0,1225,3664,9
10505,中部航務中心,其他,354,106,1,106,354,1
10506,東部航務中心,漁船,0,0,0,17,58,2
10506,東部航務中心,拖駁船,0,0,0,227,758,2
10507,北部航務中心,輪船,0,0,0,8886,19063,2
10507,中部航務中心,其他,0,0,0,1226,3584,9
10508,東部航務中心,拖駁船,0,0,0,83,277,1
10508,中部航務中心,輪船,0,0,0,609,1890,4
10509,東部航務中心,小船,0,0,0,8,33,4
10510,南部航務中心,小船,56,12,17,171,556,91
10511,南部航務中心,漁船,1450,510,5,4401,12006,87
10511,北部航務中心,漁船,48,14,1,937,3063,24
10511,北部航務中心,其他,0,0,0,273,912,3
10511,中部航務中心,輪船,0,0,0,120,306,3
10511,中部航務中心,漁船,0,0,0,234,601,12
10512,東部航務中心,其他,0,0,0,9,30,1
10601,東部航務中心,輪船,0,0,0,1615,5329,2
10601,東部航務中心,漁船,0,0,0,22,76,2
10601,北部航務中心,其他,0,0,0,597,1992,4
10601,中部航務中心,拖駁船,0,0,0,81,272,1
10602,北部航務中心,輪船,0,0,0,12583,27072,1
10603,東部航務中心,漁船,0,0,0,80,228,6
10603,南部航務中心,漁船,0,0,0,9356,24240,136
10603,北部航務中心,小船,1,0,1,114,435,93
10603,北部航務中心,其他,0,0,0,1105,3353,5
10603,中部航務中心,其他,0,0,0,909,2783,5
10604,南部航務中心,其他,429,128,1,4215,12349,19
10604,北部航務中心,輪船,0,0,0,163,463,3
10605,東部航務中心,漁船,0,0,0,39,135,3
10605,中部航務中心,輪船,0,0,0,24,82,2
10606,東部航務中心,小船,0,0,0,44,119,14
10606,東部航務中心,漁船,0,0,0,18,63,2
10606,北部航務中心,輪船,0,0,0,2735,7223,4
10606,北部航務中心,小船,0,0,0,150,533,104
10606,北部航務中心,拖駁船,0,0,0,294,1007,4
10607,北部航務中心,輪船,0,0,0,21552,48204,5
10607,北部航務中心,小船,0,0,0,117,460,116
10607,北部航務中心,漁船,0,0,0,885,2844,34
10607,中部航務中心,小船,0,0,0,120,301,51
10607,中部航務中心,漁船,0,0,0,165,520,8
10608,南部航務中心,拖駁船,0,0,0,1214,3965,7
10608,北部航務中心,漁船,42,12,1,1113,3512,39
10608,中部航務中心,其他,0,0,0,1304,4366,8
10609,東部航務中心,小船,0,0,0,23,74,8
10609,南部航務中心,拖駁船,0,0,0,600,1772,6
10609,北部航務中心,拖駁船,0,0,0,13,45,1
10609,北部航務中心,其他,0,0,0,391,1307,8
10609,中部航務中心,拖駁船,0,0,0,32,109,2
10610,東部航務中心,拖駁船,0,0,0,187,624,2
10610,南部航務中心,輪船,1992,597,1,2319,7260,17
10610,中部航務中心,拖駁船,0,0,0,137,425,2
10611,中部航務中心,小船,0,0,0,83,216,55
10611,中部航務中心,漁船,0,0,0,89,266,4
10611,中部航務中心,拖駁船,0,0,0,147,490,1
10612,南部航務中心,漁船,817,262,3,25276,56307,132
10702,北部航務中心,其他,0,0,0,77,259,3
10702,中部航務中心,漁船,0,0,0,75,192,5
10703,東部航務中心,漁船,0,0,0,98,287,8
10703,中部航務中心,小船,0,0,0,119,288,51
10704,北部航務中心,漁船,0,0,0,1129,3634,50
10705,東部航務中心,小船,7,2,1,23,81,11
10705,北部航務中心,輪船,0,0,0,56066,93476,6
10705,中部航務中心,其他,0,0,0,2033,5513,3
10706,南部航務中心,輪船,2977,892,2,8255,22107,16
10706,北部航務中心,小船,0,0,0,96,348,51
10707,南部航務中心,拖駁船,0,0,0,638,2185,7
10707,南部航務中心,其他,0,0,0,2377,7624,15
10708,東部航務中心,拖駁船,0,0,0,104,347,1
10708,南部航務中心,輪船,0,0,0,1020,2655,2
10708,北部航務中心,輪船,0,0,0,1614,4056,3
10708,北部航務中心,小船,0,0,0,45,170,30
10709,北部航務中心,輪船,0,0,0,1604,5313,2
10710,東部航務中心,小船,0,0,0,17,71,10
10003,東部航務中心,其他,0,0,0,29,99,1
10004,南部航務中心,拖駁船,0,0,0,398,1333,5
10004,南部航務中心,其他,5167,1550,3,2871,9141,20
10006,北部航務中心,漁船,88,26,2,1462,4839,42
10007,東部航務中心,小船,0,0,0,33,67,24
10007,東部航務中心,漁船,0,0,0,59,133,4
10008,中部航務中心,其他,0,0,0,21,72,1
10009,南部航務中心,小船,29,5,11,137,523,159
10009,南部航務中心,其他,0,0,0,1758,3812,18
10009,北部航務中心,輪船,0,0,0,2660,6920,4
10009,中部航務中心,拖駁船,0,0,0,98,328,1
10010,南部航務中心,漁船,0,0,0,5916,15044,99
10010,南部航務中心,其他,0,0,0,831,2469,15
10010,中部航務中心,小船,0,0,0,16,72,29
10011,南部航務中心,漁船,1175,552,4,7555,18180,87
10011,中部航務中心,漁船,0,0,0,70,235,3
10101,東部航務中心,小船,0,0,0,1,5,1
10101,東部航務中心,漁船,0,0,0,15,51,2
10101,南部航務中心,輪船,99,33,1,3303,9760,15
10101,南部航務中心,其他,0,0,0,1783,5964,17
10103,東部航務中心,其他,0,0,0,29,99,1
10103,中部航務中心,輪船,0,0,0,240,801,1
10103,中部航務中心,漁船,0,0,0,26,91,2
10104,中部航務中心,拖駁船,0,0,0,106,354,1
10106,東部航務中心,拖駁船,0,0,0,98,329,1
10106,南部航務中心,漁船,5123,1787,5,9040,21854,97
10106,南部航務中心,其他,174,52,1,1146,3297,13
10106,北部航務中心,輪船,0,0,0,1343,2524,5
10106,北部航務中心,漁船,244,73,4,1097,3247,42
10107,東部航務中心,小船,0,0,0,18,50,6
10107,南部航務中心,拖駁船,0,0,0,562,1759,7
10107,北部航務中心,小船,0,0,0,20,76,23
10107,中部航務中心,小船,0,0,0,0,0,1
10108,南部航務中心,漁船,3117,980,4,6409,16580,93
10108,南部航務中心,其他,174,52,1,938,2323,17
10108,中部航務中心,拖駁船,0,0,0,338,1129,3
10109,南部航務中心,輪船,0,0,0,7283,19178,17
10109,南部航務中心,漁船,1484,492,2,5809,14378,90
10109,北部航務中心,小船,15,4,1,53,205,27
10109,中部航務中心,漁船,0,0,0,206,581,9
10110,東部航務中心,漁船,0,0,0,37,107,3
10110,南部航務中心,小船,31,5,11,90,323,71
10110,中部航務中心,其他,0,0,0,642,2149,6
10111,南部航務中心,漁船,4612,1644,7,8074,21090,129
10111,南部航務中心,其他,62,18,1,1010,2319,14
10111,北部航務中心,輪船,0,0,0,2263,7504,5
10111,北部航務中心,其他,0,0,0,913,3045,7
10112,東部航務中心,拖駁船,0,0,0,323,1077,3
10201,南部航務中心,其他,141,42,1,2760,8005,18
10202,中部航務中心,漁船,0,0,0,110,372,4
10202,中部航務中心,其他,0,0,0,297,990,1
10203,東部航務中心,漁船,0,0,0,80,277,7
10203,中部航務中心,漁船,0,0,0,113,384,6
10204,南部航務中心,小船,80,21,10,162,635,153
10204,北部航務中心,小船,35,10,4,71,304,85
10204,中部航務中心,其他,0,0,0,97,326,1
10205,東部航務中心,輪船,0,0,0,252,577,2
10205,東部航務中心,小船,0,0,0,25,79,6
10205,東部航務中心,漁船,0,0,0,60,123,4
10205,北部航務中心,其他,0,0,0,33,111,2
10205,中部航務中心,其他,437,131,1,395,1323,3
10207,東部航務中心,小船,5,1,1,46,120,29
10207,東部航務中心,拖駁船,0,0,0,104,347,1
10207,北部航務中心,拖駁船,0,0,0,173,576,2
10207,中部航務中心,小船,0,0,0,9,41,16
10209,北部航務中心,漁船,123,56,2,639,1883,25
10209,中部航務中心,漁船,0,0,0,110,324,6
10210,東部航務中心,拖駁船,0,0,0,39,130,1
10210,南部航務中心,拖駁船,498,149,1,402,1445,4
10210,中部航務中心,漁船,0,0,0,145,401,8
10211,中部航務中心,輪船,0,0,0,813,2712,2
10212,南部航務中心,其他,0,0,0,1577,4538,16
10212,北部航務中心,小船,32,8,5,77,294,45
10212,中部航務中心,漁船,0,0,0,128,365,7
10301,東部航務中心,漁船,0,0,0,38,91,3
10301,北部航務中心,其他,0,0,0,338,1127,5
10301,中部航務中心,漁船,0,0,0,1438,3035,3
10303,東部航務中心,漁船,0,0,0,90,244,6
10303,南部航務中心,小船,33,10,11,64,257,86
10303,南部航務中心,拖駁船,0,0,0,362,1215,6
10304,東部航務中心,漁船,0,0,0,41,124,4
10304,南部航務中心,其他,607,181,2,2256,6516,21
10304,北部航務中心,小船,14,4,3,49,170,23
10306,東部航務中心,其他,0,0,0,14,47,1
10306,北部航務中心,輪船,0,0,0,73,198,3
10306,北部航務中心,其他,0,0,0,497,1333,6
10307,北部航務中心,輪船,0,0,0,2000,6014,2
10307,北部航務中心,其他,0,0,0,154,515,8
10307,中部航務中心,小船,0,0,0,74,216,18
10308,東部航務中心,其他,0,0,0,253,845,1
10308,南部航務中心,漁船,642,264,2,8357,22690,122
10308,中部航務中心,輪船,0,0,0,2724,5752,8
10309,南部航務中心,拖駁船,72,21,1,513,1660,7
10310,北部航務中心,輪船,0,0,0,29,96,1
10310,北部航務中心,小船,19,5,1,71,260,50
10311,東部航務中心,小船,0,0,0,2,11,3
10311,北部航務中心,輪船,0,0,0,520,1698,3
10311,北部航務中心,其他,0,0,0,777,2598,10
10311,中部航務中心,拖駁船,0,0,0,423,1421,4
10312,東部航務中心,小船,0,0,0,19,61,8
10312,南部航務中心,漁船,963,351,3,22177,50787,118
10402,東部航務中心,漁船,0,0,0,58,159,5
10402,南部航務中心,小船,11,1,7,127,362,107
10402,北部航務中心,輪船,0,0,0,15041,37131,5
10402,中部航務中心,輪船,0,0,0,968,2599,4
10403,北部航務中心,漁船,0,0,0,889,2959,41
10403,中部航務中心,拖駁船,0,0,0,232,774,2
10404,北部航務中心,漁船,0,0,0,824,2552,31
10404,中部航務中心,輪船,0,0,0,1230,3748,9
10405,東部航務中心,漁船,0,0,0,17,58,2
10405,東部航務中心,其他,0,0,0,9,30,1
10405,南部航務中心,漁船,1337,615,3,8980,21877,125
10405,北部航務中心,漁船,143,42,2,1234,3771,49
10407,東部航務中心,漁船,0,0,0,83,203,6
10408,東部航務中心,輪船,0,0,0,13,43,1
10408,南部航務中心,其他,4571,1371,1,2421,6655,11
10408,中部航務中心,小船,0,0,0,122,316,57
10409,北部航務中心,漁船,39,11,1,1007,3172,29
10409,北部航務中心,其他,0,0,0,96,322,5
10410,北部航務中心,拖駁船,0,0,0,101,336,1
10410,中部航務中心,漁船,28,8,1,189,613,10
10412,南部航務中心,小船,62,18,19,239,745,183
10412,南部航務中心,拖駁船,0,0,0,720,2273,6
10412,中部航務中心,輪船,0,0,0,189,633,2
10501,東部航務中心,漁船,0,0,0,9,31,1
10501,南部航務中心,漁船,2355,730,5,14832,35128,111
10502,東部航務中心,其他,0,0,0,297,990,1
10503,中部航務中心,漁船,0,0,0,64,215,2
10504,南部航務中心,其他,0,0,0,2778,9270,17
10505,東部航務中心,漁船,0,0,0,60,157,4
10505,東部航務中心,其他,0,0,0,176,586,1
10505,南部航務中心,小船,50,15,10,196,575,93
10505,北部航務中心,小船,0,0,0,89,273,37
10506,南部航務中心,漁船,329,97,3,14393,34059,162
10507,東部航務中心,漁船,0,0,0,73,145,4
10507,南部航務中心,漁船,767,247,4,6507,17034,134
10507,南部航務中心,其他,405,120,2,2218,6710,16
10507,北部航務中心,漁船,117,34,2,1644,4883,43
10508,東部航務中心,輪船,0,0,0,13,43,1
10508,南部航務中心,輪船,525,157,2,4188,9663,14
10508,南部航務中心,漁船,309,94,2,9073,23438,144
10508,北部航務中心,拖駁船,0,0,0,180,600,2
10508,中部航務中心,漁船,0,0,0,160,523,9
10509,南部航務中心,其他,0,0,0,498,1331,11
10509,北部航務中心,小船,0,0,0,58,161,23
10510,南部航務中心,拖駁船,0,0,0,1570,5147,8
10510,北部航務中心,小船,23,5,3,70,257,42
10510,中部航務中心,拖駁船,0,0,0,225,752,3
10511,東部航務中心,拖駁船,0,0,0,106,354,1
10511,南部航務中心,其他,133,39,1,2109,5762,20
10512,南部航務中心,輪船,0,0,0,2971,7712,20
10512,北部航務中心,其他,0,0,0,548,1833,14
10604,東部航務中心,小船,0,0,0,43,139,11
10604,南部航務中心,輪船,1997,1106,1,6629,16436,15
10604,中部航務中心,輪船,0,0,0,2989,5058,4
10604,中部航務中心,小船,0,0,0,64,203,52
10604,中部航務中心,其他,0,0,0,171,571,2
10605,南部航務中心,小船,10,0,12,230,613,145
10605,南部航務中心,拖駁船,467,140,1,349,1168,3
10605,北部航務中心,漁船,66,19,1,1171,3558,48
10606,南部航務中心,輪船,0,0,0,3825,11239,12
10606,南部航務中心,其他,2456,736,2,4577,13442,20
10607,南部航務中心,漁船,49,14,1,15845,35459,135
10607,南部航務中心,拖駁船,0,0,0,401,1338,5
10608,南部航務中心,輪船,0,0,0,1701,5136,7
10608,南部航務中心,其他,0,0,0,1180,3846,12
10609,東部航務中心,漁船,0,0,0,89,248,8
10609,北部航務中心,小船,0,0,0,105,373,83
10609,中部航務中心,小船,0,0,0,71,208,53
10609,中部航務中心,漁船,0,0,0,92,257,6
10609,中部航務中心,其他,0,0,0,320,1075,5
10611,東部航務中心,小船,0,0,0,42,119,12
10611,南部航務中心,輪船,0,0,0,6263,17094,14
10611,南部航務中心,拖駁船,0,0,0,451,1512,6
10611,南部航務中心,其他,0,0,0,2000,5788,21
10612,東部航務中心,輪船,0,0,0,2826,8424,2
10612,中部航務中心,小船,0,0,0,95,224,44
10612,中部航務中心,拖駁船,0,0,0,59,199,1
10701,北部航務中心,輪船,195,68,1,8075,18540,3
10701,北部航務中心,漁船,41,18,1,1079,2904,29
10701,中部航務中心,小船,0,0,0,204,426,51
10701,中部航務中心,漁船,0,0,0,105,346,5
10702,南部航務中心,小船,79,25,10,79,248,57
10702,南部航務中心,拖駁船,0,0,0,367,1226,4
10703,東部航務中心,輪船,0,0,0,1495,4982,1
10703,南部航務中心,小船,87,25,17,196,617,112
10703,南部航務中心,拖駁船,0,0,0,809,2710,10
10703,北部航務中心,拖駁船,0,0,0,390,1305,4
10704,中部航務中心,輪船,0,0,0,3751,6068,5
10705,南部航務中心,漁船,3167,1155,7,8129,20679,102
10705,北部航務中心,其他,0,0,0,261,877,9
10706,南部航務中心,漁船,545,189,5,6316,15312,84
10706,北部航務中心,漁船,0,0,0,1504,4831,57
10706,北部航務中心,其他,0,0,0,578,1597,5
10706,中部航務中心,漁船,0,0,0,471,1486,22
10707,東部航務中心,拖駁船,0,0,0,98,329,1
10707,北部航務中心,拖駁船,0,0,0,117,389,1
10708,南部航務中心,其他,0,0,0,1394,4574,14
10708,中部航務中心,小船,0,0,0,135,288,26
10709,北部航務中心,拖駁船,0,0,0,180,600,2
10001,東部航務中心,拖駁船,0,0,0,120,400,1
10001,東部航務中心,其他,0,0,0,29,97,1
10001,南部航務中心,漁船,589,212,3,5095,10922,87
10001,北部航務中心,小船,29,7,5,46,185,60
10001,北部航務中心,其他,0,0,0,25,85,2
10002,東部航務中心,輪船,0,0,0,160,476,1
10002,南部航務中心,小船,12,2,3,59,242,74
10002,北部航務中心,輪船,0,0,0,196,584,2
10003,南部航務中心,輪船,198,71,1,4433,11414,21
10003,北部航務中心,漁船,277,82,4,851,2427,36
10003,北部航務中心,其他,0,0,0,664,779,5
10004,東部航務中心,漁船,0,0,0,14,49,1
10004,南部航務中心,小船,73,20,7,190,625,135
10004,中部航務中心,輪船,0,0,0,20,36,1
10004,中部航務中心,小船,0,0,0,20,82,19
10004,中部航務中心,拖駁船,0,0,0,39,130,1
10005,東部航務中心,漁船,0,0,0,18,63,2
10006,東部航務中心,其他,0,0,0,253,845,1
10006,南部航務中心,漁船,1096,623,2,12301,28485,119
10006,北部航務中心,小船,3,0,2,116,469,142
10007,中部航務中心,輪船,0,0,0,27,92,1
10007,中部航務中心,其他,0,0,0,91,253,1
10008,東部航務中心,漁船,0,0,0,103,262,8
10008,北部航務中心,輪船,0,0,0,489,975,1
10008,北部航務中心,小船,0,0,0,123,487,108
10008,北部航務中心,漁船,133,39,3,1399,3922,37
10008,中部航務中心,漁船,0,0,0,283,847,13
10009,南部航務中心,漁船,597,191,4,7104,17664,111
10009,中部航務中心,小船,0,0,0,4,20,8
10010,東部航務中心,漁船,0,0,0,33,114,3
10010,北部航務中心,小船,0,0,0,115,414,98
10010,北部航務中心,漁船,0,0,0,1263,3694,32
10010,北部航務中心,拖駁船,0,0,0,186,649,2
10010,中部航務中心,其他,0,0,0,109,364,2
10011,南部航務中心,拖駁船,0,0,0,455,1523,6
10011,北部航務中心,小船,0,0,0,91,347,76
10011,北部航務中心,其他,0,0,0,391,1304,7
10012,中部航務中心,漁船,0,0,0,211,659,12
10101,東部航務中心,輪船,0,0,0,148,428,1
10101,北部航務中心,其他,0,0,0,260,537,2
10101,中部航務中心,小船,0,0,0,0,0,1
10102,南部航務中心,輪船,1513,453,1,3547,9503,13
10102,北部航務中心,輪船,0,0,0,2446,4961,3
10102,中部航務中心,小船,0,0,0,1,5,3
10103,南部航務中心,輪船,43,12,1,4853,13222,26
10104,東部航務中心,其他,0,0,0,176,586,1
10104,南部航務中心,拖駁船,0,0,0,347,998,5
10105,東部航務中心,漁船,0,0,0,59,166,4
10105,南部航務中心,其他,454,136,1,3139,9325,20
10105,北部航務中心,漁船,192,57,4,1139,3425,53
10107,中部航務中心,拖駁船,0,0,0,134,451,3
10108,東部航務中心,輪船,0,0,0,288,832,2
10108,北部航務中心,漁船,263,79,3,1612,4677,41
10108,中部航務中心,輪船,0,0,0,103,302,6
10108,中部航務中心,小船,0,0,0,0,2,2
10109,北部航務中心,其他,0,0,0,326,758,6
10109,中部航務中心,其他,0,0,0,264,886,2
10110,北部航務中心,輪船,0,0,0,29,96,1
10110,中部航務中心,輪船,0,0,0,69,233,1
10110,中部航務中心,小船,0,0,0,6,27,7
10112,南部航務中心,其他,0,0,0,1769,5890,17
10112,北部航務中心,漁船,147,42,3,597,1866,20
10112,中部航務中心,小船,0,0,0,5,24,5
10004,東部航務中心,輪船,0,0,0,49,114,1
10104,東部航務中心,輪船,0,0,0,49,114,1
10110,東部航務中心,輪船,0,0,0,56,149,1
10212,東部航務中心,輪船,0,0,0,2870,8562,2
10301,東部航務中心,輪船,0,0,0,99,270,1
10305,東部航務中心,輪船,0,0,0,160,476,1
10308,東部航務中心,輪船,0,0,0,473,1398,3
10309,東部航務中心,輪船,0,0,0,160,476,1
10310,東部航務中心,輪船,0,0,0,153,446,1
10312,東部航務中心,輪船,0,0,0,153,446,1
10401,東部航務中心,輪船,0,0,0,13,43,1
10403,東部航務中心,輪船,0,0,0,2433,3968,1
10406,東部航務中心,輪船,0,0,0,153,446,1
10407,東部航務中心,輪船,0,0,0,112,331,1
10411,東部航務中心,輪船,0,0,0,2924,8697,3
10412,東部航務中心,輪船,0,0,0,104,290,1
10501,東部航務中心,輪船,0,0,0,104,290,1
10502,東部航務中心,輪船,0,0,0,1511,5039,1
10503,東部航務中心,輪船,0,0,0,1511,5039,1
10507,東部航務中心,輪船,0,0,0,2433,3968,1
10512,東部航務中心,輪船,0,0,0,112,331,1
10603,東部航務中心,輪船,0,0,0,3928,8950,2
10605,東部航務中心,輪船,0,0,0,35,99,1
10608,東部航務中心,輪船,0,0,0,125,374,2
10702,東部航務中心,輪船,0,0,0,112,331,1
10708,東部航務中心,輪船,0,0,0,13,43,1
10808,東部航務中心,輪船,0,0,0,13,43,1
10909,東部航務中心,輪船,0,0,0,13,43,1
10001,南部航務中心,輪船,0,0,0,3912,11573,19
10004,南部航務中心,輪船,0,0,0,2913,7374,14
10008,南部航務中心,輪船,0,0,0,6076,15676,19
10009,南部航務中心,輪船,0,0,0,1807,4173,14
10104,南部航務中心,輪船,0,0,0,4093,10550,15
10105,南部航務中心,輪船,0,0,0,1830,4687,13
10106,南部航務中心,輪船,0,0,0,1364,3868,11
10108,南部航務中心,輪船,0,0,0,2949,6928,11
10110,南部航務中心,輪船,0,0,0,3474,9489,12
10111,南部航務中心,輪船,0,0,0,2082,4882,14
10203,南部航務中心,輪船,0,0,0,4941,13817,21
10205,南部航務中心,輪船,0,0,0,5714,13317,19
10206,南部航務中心,輪船,0,0,0,8405,21740,19
10207,南部航務中心,輪船,0,0,0,2580,7247,20
10208,南部航務中心,輪船,0,0,0,1883,4722,11
10211,南部航務中心,輪船,0,0,0,3808,9771,14
10212,南部航務中心,輪船,0,0,0,2820,7447,19
10303,南部航務中心,輪船,0,0,0,5049,13085,19
10304,南部航務中心,輪船,0,0,0,4708,12000,12
10306,南部航務中心,輪船,0,0,0,5739,16315,18
10307,南部航務中心,輪船,0,0,0,2976,5533,14
10308,南部航務中心,輪船,0,0,0,2434,6782,11
10309,南部航務中心,輪船,0,0,0,2369,6929,9
10401,南部航務中心,輪船,0,0,0,2752,7779,15
10402,南部航務中心,輪船,0,0,0,2331,5712,16
10403,南部航務中心,輪船,0,0,0,4117,11250,17
10404,南部航務中心,輪船,0,0,0,2678,7143,8
10405,南部航務中心,輪船,0,0,0,5642,14389,14
10407,南部航務中心,輪船,0,0,0,3236,7837,16
10408,南部航務中心,輪船,0,0,0,4568,11543,13
10409,南部航務中心,輪船,0,0,0,1384,4172,9
10412,南部航務中心,輪船,0,0,0,2280,6888,16
10501,南部航務中心,輪船,0,0,0,865,2335,10
10502,南部航務中心,輪船,0,0,0,1162,3209,8
10505,南部航務中心,輪船,0,0,0,4237,11064,15
10506,南部航務中心,輪船,0,0,0,6911,20040,9
10507,南部航務中心,輪船,0,0,0,2960,6982,16
10509,南部航務中心,輪船,0,0,0,1437,3409,8
10510,南部航務中心,輪船,0,0,0,6720,17290,11
10511,南部航務中心,輪船,0,0,0,3780,10380,9
10602,南部航務中心,輪船,0,0,0,2091,6227,8
10603,南部航務中心,輪船,0,0,0,4434,12063,21
10605,南部航務中心,輪船,0,0,0,2541,7503,16
10612,南部航務中心,輪船,0,0,0,2537,6555,19
10702,南部航務中心,輪船,0,0,0,1403,4643,3
10703,南部航務中心,輪船,0,0,0,3421,9493,18
10704,南部航務中心,輪船,0,0,0,1743,4787,11
10705,南部航務中心,輪船,0,0,0,4075,11300,13
10707,南部航務中心,輪船,0,0,0,1451,3297,11
10709,南部航務中心,輪船,0,0,0,3021,8485,11
10710,南部航務中心,輪船,0,0,0,2635,7534,13
10711,南部航務中心,輪船,0,0,0,2606,7373,12
10802,南部航務中心,輪船,0,0,0,1641,4495,7
10803,南部航務中心,輪船,0,0,0,2062,6073,15
10806,南部航務中心,輪船,0,0,0,1290,2757,9
10808,南部航務中心,輪船,0,0,0,3097,8015,9
10811,南部航務中心,輪船,0,0,0,4822,14631,13
10907,南部航務中心,輪船,0,0,0,2577,6780,12
10909,南部航務中心,輪船,0,0,0,2731,7206,12
11002,南部航務中心,輪船,0,0,0,1689,4816,6
11004,南部航務中心,輪船,0,0,0,3530,9192,13
11005,南部航務中心,輪船,0,0,0,3659,10727,10
11006,南部航務中心,輪船,0,0,0,2241,5251,13
10002,南部航務中心,輪船,4212,1263,1,6634,16452,18
10005,南部航務中心,輪船,1673,726,1,5144,12136,18
10011,南部航務中心,輪船,865,259,1,2878,6501,13
10012,南部航務中心,輪船,99,33,1,5624,16617,19
10210,南部航務中心,輪船,1551,468,1,4591,11591,14
10305,南部航務中心,輪船,332,99,1,4099,8807,14
10310,南部航務中心,輪船,99,31,1,5225,12797,11
10406,南部航務中心,輪船,186,79,1,6496,18185,14
10411,南部航務中心,輪船,1998,599,1,1935,5220,9
10601,南部航務中心,輪船,41,12,1,1413,3985,11
10607,南部航務中心,輪船,1574,472,1,2518,7225,10
10609,南部航務中心,輪船,460,157,1,3618,7092,13
10701,南部航務中心,輪船,98,42,1,3203,9144,15
10712,南部航務中心,輪船,98,41,1,4907,13848,17
10801,南部航務中心,輪船,407,122,1,3693,12069,16
10809,南部航務中心,輪船,2575,772,1,2359,6481,7
10810,南部航務中心,輪船,287,148,1,1960,5398,13
10812,南部航務中心,輪船,150,45,1,5406,15638,20
10902,南部航務中心,輪船,168,50,1,2466,7778,14
10903,南部航務中心,輪船,2066,619,1,7549,17910,23
10904,南部航務中心,輪船,241,72,1,653,2183,7
10905,南部航務中心,輪船,241,72,1,4759,12646,13
10911,南部航務中心,輪船,332,99,1,5095,15712,10
10912,南部航務中心,輪船,331,112,1,8972,26514,30
10007,南部航務中心,輪船,198,75,2,5315,14074,13
10010,南部航務中心,輪船,1616,630,2,3217,8326,15
10112,南部航務中心,輪船,2766,847,2,5868,17467,19
10201,南部航務中心,輪船,3105,1273,2,5357,11065,22
10301,南部航務中心,輪船,1914,598,2,1779,5327,21
10312,南部航務中心,輪船,2662,799,2,4925,14336,17
10503,南部航務中心,輪船,409,147,2,5564,15211,20
10504,南部航務中心,輪船,799,287,2,4684,9842,15
10805,南部航務中心,輪船,731,259,2,7666,21304,16
10807,南部航務中心,輪船,322,96,2,2869,8089,12
10901,南部航務中心,輪船,829,246,2,7926,23066,16
10906,南部航務中心,輪船,7131,2273,2,11767,35253,18
10908,南部航務中心,輪船,198,58,2,621,2042,8
10910,南部航務中心,輪船,268,93,2,5264,15488,14
11001,南部航務中心,輪船,4994,1509,2,5405,16735,15
10302,南部航務中心,輪船,1696,603,3,3738,8723,11
10804,南部航務中心,輪船,291,99,3,2465,5709,15
10204,南部航務中心,輪船,6435,2960,4,4839,12586,12
11003,南部航務中心,輪船,2692,806,4,5252,15497,24
10003,北部航務中心,輪船,0,0,0,3046,4967,2
10004,北部航務中心,輪船,0,0,0,1415,3104,10
10005,北部航務中心,輪船,0,0,0,118,187,2
10006,北部航務中心,輪船,0,0,0,93,274,1
10007,北部航務中心,輪船,0,0,0,2329,6492,3
10011,北部航務中心,輪船,0,0,0,827,2578,3
10012,北部航務中心,輪船,0,0,0,639,1431,2
10103,北部航務中心,輪船,0,0,0,3952,7002,6
10104,北部航務中心,輪船,0,0,0,185,532,3
10105,北部航務中心,輪船,0,0,0,13923,31556,5
10109,北部航務中心,輪船,0,0,0,8025,17942,2
10112,北部航務中心,輪船,0,0,0,2761,7181,3
10201,北部航務中心,輪船,0,0,0,1894,5865,3
10203,北部航務中心,輪船,0,0,0,243,730,2
10204,北部航務中心,輪船,0,0,0,8308,20542,4
10205,北部航務中心,輪船,0,0,0,10282,21451,7
10206,北部航務中心,輪船,0,0,0,3963,10983,4
10207,北部航務中心,輪船,0,0,0,775,1355,1
10209,北部航務中心,輪船,0,0,0,35,79,1
10210,北部航務中心,輪船,0,0,0,416,1349,2
10212,北部航務中心,輪船,0,0,0,8699,19622,6
10301,北部航務中心,輪船,0,0,0,1511,5039,1
10302,北部航務中心,輪船,0,0,0,13235,31062,4
10303,北部航務中心,輪船,0,0,0,16690,36518,5
10304,北部航務中心,輪船,0,0,0,10541,21524,6
10305,北部航務中心,輪船,0,0,0,6918,15883,4
10309,北部航務中心,輪船,0,0,0,804,1451,2
10312,北部航務中心,輪船,0,0,0,6828,15652,3
10401,北部航務中心,輪船,0,0,0,2130,7105,2
10403,北部航務中心,輪船,0,0,0,7708,16762,2
10405,北部航務中心,輪船,0,0,0,520,1073,3
10406,北部航務中心,輪船,0,0,0,287,597,2
10407,北部航務中心,輪船,0,0,0,55501,90759,3
10408,北部航務中心,輪船,0,0,0,1761,3426,4
10409,北部航務中心,輪船,0,0,0,7931,17497,3
10411,北部航務中心,輪船,0,0,0,5588,11234,4
10412,北部航務中心,輪船,0,0,0,6781,15522,2
10501,北部航務中心,輪船,0,0,0,19692,48397,4
10502,北部航務中心,輪船,0,0,0,2138,5660,3
10504,北部航務中心,輪船,0,0,0,768,2512,2
10505,北部航務中心,輪船,0,0,0,1072,3169,5
10506,北部航務中心,輪船,0,0,0,466,1314,4
10508,北部航務中心,輪船,0,0,0,1189,2251,3
10510,北部航務中心,輪船,0,0,0,68928,121763,6
10512,北部航務中心,輪船,0,0,0,65386,113999,7
10601,北部航務中心,輪船,0,0,0,41,134,1
10603,北部航務中心,輪船,0,0,0,6499,15223,2
10605,北部航務中心,輪船,0,0,0,16465,45482,6
10608,北部航務中心,輪船,0,0,0,1747,5500,2
10609,北部航務中心,輪船,0,0,0,1511,5039,1
10610,北部航務中心,輪船,0,0,0,10115,27242,8
10611,北部航務中心,輪船,0,0,0,2029,6442,2
10612,北部航務中心,輪船,0,0,0,149,434,2
10702,北部航務中心,輪船,0,0,0,1519,3594,2
10703,北部航務中心,輪船,0,0,0,2058,6738,4
10706,北部航務中心,輪船,0,0,0,9459,25116,3
10707,北部航務中心,輪船,0,0,0,1944,5367,3
10710,北部航務中心,輪船,0,0,0,2299,6433,3
10711,北部航務中心,輪船,0,0,0,304,969,1
10712,北部航務中心,輪船,0,0,0,1541,5136,2
10801,北部航務中心,輪船,0,0,0,3926,11959,4
10802,北部航務中心,輪船,0,0,0,29,96,1
10803,北部航務中心,輪船,0,0,0,8581,21918,5
10805,北部航務中心,輪船,0,0,0,4575,13708,7
10806,北部航務中心,輪船,0,0,0,608,1938,2
10807,北部航務中心,輪船,0,0,0,5857,18700,5
10809,北部航務中心,輪船,0,0,0,1588,5256,2
10810,北部航務中心,輪船,0,0,0,4378,14550,3
10811,北部航務中心,輪船,0,0,0,1309,2815,2
10812,北部航務中心,輪船,0,0,0,179,416,1
10901,北部航務中心,輪船,0,0,0,2286,6394,2
10902,北部航務中心,輪船,0,0,0,608,1938,2
10903,北部航務中心,輪船,0,0,0,2881,8314,3
10904,北部航務中心,輪船,0,0,0,643,2021,5
10905,北部航務中心,輪船,0,0,0,1654,5386,3
10906,北部航務中心,輪船,0,0,0,872,2304,8
10907,北部航務中心,輪船,0,0,0,1806,5656,3
10908,北部航務中心,輪船,0,0,0,304,969,1
10910,北部航務中心,輪船,0,0,0,4456,12125,4
10911,北部航務中心,輪船,0,0,0,5175,16880,6
10912,北部航務中心,輪船,0,0,0,1495,4982,1
11001,北部航務中心,輪船,0,0,0,1908,6282,3
11003,北部航務中心,輪船,0,0,0,4022,11708,6
11004,北部航務中心,輪船,0,0,0,204,596,3
11005,北部航務中心,輪船,0,0,0,901,2789,5
11006,北部航務中心,輪船,0,0,0,94,236,1
10804,北部航務中心,輪船,154,46,1,1954,6436,4
10808,北部航務中心,輪船,243,155,1,804,2004,4
10909,北部航務中心,輪船,5352,1688,2,1688,5352,2
10001,中部航務中心,輪船,0,0,0,613,999,1
10002,中部航務中心,輪船,0,0,0,390,1175,1
10005,中部航務中心,輪船,0,0,0,24,41,1
10012,中部航務中心,輪船,0,0,0,954,2259,2
10106,中部航務中心,輪船,0,0,0,38,90,2
10111,中部航務中心,輪船,0,0,0,378,1261,1
10202,中部航務中心,輪船,0,0,0,1572,2847,1
10203,中部航務中心,輪船,0,0,0,1352,3221,2
10204,中部航務中心,輪船,0,0,0,26,89,2
10205,中部航務中心,輪船,0,0,0,24,41,1
10206,中部航務中心,輪船,0,0,0,36,124,3
10208,中部航務中心,輪船,0,0,0,43,96,1
10210,中部航務中心,輪船,0,0,0,230,767,1
10212,中部航務中心,輪船,0,0,0,576,998,1
10301,中部航務中心,輪船,0,0,0,2107,6133,2
10303,中部航務中心,輪船,0,0,0,12,43,1
10304,中部航務中心,輪船,0,0,0,252,841,2
10305,中部航務中心,輪船,0,0,0,14,49,1
10306,中部航務中心,輪船,0,0,0,48,123,3
10309,中部航務中心,輪船,0,0,0,96,257,3
10310,中部航務中心,輪船,0,0,0,185,519,4
10311,中部航務中心,輪船,0,0,0,1045,3101,5
10312,中部航務中心,輪船,0,0,0,591,1863,3
10405,中部航務中心,輪船,0,0,0,186,494,4
10406,中部航務中心,輪船,0,0,0,364,1043,5
10408,中部航務中心,輪船,0,0,0,183,431,4
10409,中部航務中心,輪船,0,0,0,640,1863,3
10410,中部航務中心,輪船,0,0,0,281,600,2
10411,中部航務中心,輪船,0,0,0,1743,4686,9
10502,中部航務中心,輪船,0,0,0,853,2065,2
10503,中部航務中心,輪船,0,0,0,2221,6250,6
10504,中部航務中心,輪船,0,0,0,2741,5617,8
10506,中部航務中心,輪船,0,0,0,199,560,6
10507,中部航務中心,輪船,0,0,0,1384,4557,6
10509,中部航務中心,輪船,0,0,0,176,476,3
10510,中部航務中心,輪船,0,0,0,352,821,3
10512,中部航務中心,輪船,0,0,0,758,2195,5
10601,中部航務中心,輪船,0,0,0,424,1351,2
10603,中部航務中心,輪船,0,0,0,3208,6185,3
10606,中部航務中心,輪船,0,0,0,24,41,1
10608,中部航務中心,輪船,0,0,0,43,96,1
10609,中部航務中心,輪船,0,0,0,450,1500,1
10610,中部航務中心,輪船,0,0,0,1171,3585,4
10611,中部航務中心,輪船,0,0,0,45,124,3
10703,中部航務中心,輪船,0,0,0,12,43,1
10705,中部航務中心,輪船,0,0,0,12,41,1
10706,中部航務中心,輪船,0,0,0,36,82,2
10707,中部航務中心,輪船,0,0,0,3479,11552,6
10708,中部航務中心,輪船,0,0,0,12,41,1
10709,中部航務中心,輪船,0,0,0,26,91,2
10710,中部航務中心,輪船,0,0,0,390,1302,2
10711,中部航務中心,輪船,0,0,0,21,41,1
10712,中部航務中心,輪船,0,0,0,12,41,1
10801,中部航務中心,輪船,0,0,0,576,998,1
10803,中部航務中心,輪船,0,0,0,1340,3178,1
10804,中部航務中心,輪船,0,0,0,1882,3056,3
10805,中部航務中心,輪船,0,0,0,108,313,3
10806,中部航務中心,輪船,0,0,0,3738,5983,3
10807,中部航務中心,輪船,0,0,0,654,2185,6
10808,中部航務中心,輪船,0,0,0,192,644,4
10809,中部航務中心,輪船,0,0,0,12,42,1
10810,中部航務中心,輪船,0,0,0,870,2905,4
10811,中部航務中心,輪船,0,0,0,529,1769,4
10812,中部航務中心,輪船,0,0,0,2734,8175,2
10901,中部航務中心,輪船,0,0,0,21,41,1
10902,中部航務中心,輪船,0,0,0,73,246,3
10903,中部航務中心,輪船,0,0,0,77,261,3
10904,中部航務中心,輪船,0,0,0,60,202,2
10905,中部航務中心,輪船,0,0,0,71,240,3
10906,中部航務中心,輪船,0,0,0,67,137,2
10907,中部航務中心,輪船,0,0,0,2863,6323,5
10908,中部航務中心,輪船,0,0,0,48,161,1
10909,中部航務中心,輪船,0,0,0,236,607,3
10911,中部航務中心,輪船,0,0,0,1431,3855,5
10912,中部航務中心,輪船,0,0,0,160,537,3
11001,中部航務中心,輪船,0,0,0,21,41,1
11002,中部航務中心,輪船,0,0,0,12,41,1
11003,中部航務中心,輪船,0,0,0,1207,4033,6
11004,中部航務中心,輪船,0,0,0,165,552,3
11005,中部航務中心,輪船,0,0,0,2259,4318,6
11006,中部航務中心,輪船,0,0,0,4631,15445,7
10009,中部航務中心,輪船,767,230,1,230,767,1
10105,中部航務中心,輪船,767,230,1,262,843,3
10001,東部航務中心,小船,0,0,0,25,70,14
10004,東部航務中心,小船,0,0,0,25,66,10
10005,東部航務中心,小船,0,0,0,29,105,10
10006,東部航務中心,小船,0,0,0,13,37,5
10008,東部航務中心,小船,0,0,0,59,172,18
10009,東部航務中心,小船,0,0,0,55,142,13
10010,東部航務中心,小船,0,0,0,12,44,4
10102,東部航務中心,小船,0,0,0,23,62,8
10103,東部航務中心,小船,0,0,0,13,24,6
10104,東部航務中心,小船,0,0,0,28,58,24
10106,東部航務中心,小船,0,0,0,10,39,3
10108,東部航務中心,小船,0,0,0,18,62,4
10110,東部航務中心,小船,0,0,0,16,62,6
10112,東部航務中心,小船,0,0,0,0,0,1
10204,東部航務中心,小船,0,0,0,24,80,10
10206,東部航務中心,小船,0,0,0,17,61,5
10208,東部航務中心,小船,0,0,0,45,105,8
10209,東部航務中心,小船,0,0,0,18,55,7
10210,東部航務中心,小船,0,0,0,14,41,5
10211,東部航務中心,小船,0,0,0,8,32,5
10212,東部航務中心,小船,0,0,0,9,31,5
10301,東部航務中心,小船,0,0,0,4,16,2
10302,東部航務中心,小船,0,0,0,11,33,7
10303,東部航務中心,小船,0,0,0,15,31,4
10304,東部航務中心,小船,0,0,0,46,114,26
10305,東部航務中心,小船,0,0,0,11,33,3
10306,東部航務中心,小船,0,0,0,7,26,2
10307,東部航務中心,小船,0,0,0,19,67,6
10308,東部航務中心,小船,0,0,0,38,84,8
10309,東部航務中心,小船,0,0,0,29,105,13
10310,東部航務中心,小船,0,0,0,24,72,7
10401,東部航務中心,小船,0,0,0,18,61,10
10402,東部航務中心,小船,0,0,0,26,70,7
10406,東部航務中心,小船,0,0,0,95,250,36
10407,東部航務中心,小船,0,0,0,67,197,25
10408,東部航務中心,小船,0,0,0,56,161,18
10409,東部航務中心,小船,0,0,0,63,172,14
10411,東部航務中心,小船,0,0,0,59,207,24
10412,東部航務中心,小船,0,0,0,77,234,34
10501,東部航務中心,小船,0,0,0,29,104,11
10502,東部航務中心,小船,0,0,0,20,50,4
10505,東部航務中心,小船,0,0,0,62,216,22
10506,東部航務中心,小船,0,0,0,46,119,13
10507,東部航務中心,小船,0,0,0,23,64,6
10508,東部航務中心,小船,0,0,0,9,25,6
10510,東部航務中心,小船,0,0,0,7,26,2
10511,東部航務中心,小船,0,0,0,1,4,1
10512,東部航務中心,小船,0,0,0,0,1,1
10601,東部航務中心,小船,0,0,0,13,46,5
10605,東部航務中心,小船,0,0,0,27,72,10
10607,東部航務中心,小船,0,0,0,48,125,13
10701,東部航務中心,小船,0,0,0,29,118,30
10702,東部航務中心,小船,0,0,0,15,56,4
10703,東部航務中心,小船,0,0,0,22,84,16
10704,東部航務中心,小船,0,0,0,29,91,20
10706,東部航務中心,小船,0,0,0,24,68,6
10707,東部航務中心,小船,0,0,0,26,78,8
10708,東部航務中心,小船,0,0,0,17,47,6
10709,東部航務中心,小船,0,0,0,12,47,5
10711,東部航務中心,小船,0,0,0,3,6,1
10801,東部航務中心,小船,0,0,0,12,32,3
10802,東部航務中心,小船,0,0,0,12,33,6
10804,東部航務中心,小船,0,0,0,27,73,14
10805,東部航務中心,小船,0,0,0,12,38,6
10806,東部航務中心,小船,0,0,0,13,38,6
10807,東部航務中心,小船,0,0,0,22,58,8
10808,東部航務中心,小船,0,0,0,11,33,10
10809,東部航務中心,小船,0,0,0,8,32,5
10810,東部航務中心,小船,0,0,0,10,45,10
10811,東部航務中心,小船,0,0,0,18,56,9
10812,東部航務中心,小船,0,0,0,23,55,8
10901,東部航務中心,小船,0,0,0,5,22,5
10902,東部航務中心,小船,0,0,0,6,11,8
10903,東部航務中心,小船,0,0,0,18,76,10
10904,東部航務中心,小船,0,0,0,16,55,9
10905,東部航務中心,小船,0,0,0,10,38,6
10906,東部航務中心,小船,0,0,0,13,40,5
10907,東部航務中心,小船,0,0,0,12,22,5
10908,東部航務中心,小船,0,0,0,1,6,2
10909,東部航務中心,小船,0,0,0,8,32,3
10910,東部航務中心,小船,0,0,0,10,38,2
10911,東部航務中心,小船,0,0,0,11,48,12
10912,東部航務中心,小船,0,0,0,0,1,1
11001,東部航務中心,小船,0,0,0,14,35,6
11002,東部航務中心,小船,0,0,0,4,12,6
11003,東部航務中心,小船,0,0,0,14,50,6
11004,東部航務中心,小船,0,0,0,16,57,11
11005,東部航務中心,小船,0,0,0,36,91,14
11006,東部航務中心,小船,0,0,0,32,83,14
10404,東部航務中心,小船,4,1,1,86,248,33
10405,東部航務中心,小船,7,2,1,94,274,34
10504,東部航務中心,小船,6,2,1,41,118,23
10602,東部航務中心,小船,19,5,1,16,47,6
10603,東部航務中心,小船,19,5,1,39,122,20
10608,東部航務中心,小船,12,3,1,46,114,11
10610,東部航務中心,小船,17,5,1,35,104,13
10612,東部航務中心,小船,13,4,1,34,112,11
10712,東部航務中心,小船,8,2,1,11,33,9
10803,東部航務中心,小船,1,0,1,7,22,5
10012,東部航務中心,小船,4,0,2,6,24,7
10006,南部航務中心,小船,4,0,3,116,377,111
10302,南部航務中心,小船,4,0,3,61,220,45
10202,南部航務中心,小船,7,0,4,50,227,97
10902,南部航務中心,小船,5,0,4,112,353,74
11006,南部航務中心,小船,25,8,4,133,422,93
10007,南部航務中心,小船,7,1,5,110,395,151
10808,南部航務中心,小船,27,6,5,230,712,165
11002,南部航務中心,小船,39,9,5,126,378,80
10011,南部航務中心,小船,23,4,6,131,493,224
10312,南部航務中心,小船,35,8,6,112,400,121
10806,南部航務中心,小船,31,7,6,104,362,121
10901,南部航務中心,小船,8,0,6,129,411,90
10005,南部航務中心,小船,44,11,7,125,462,145
10305,南部航務中心,小船,11,0,7,89,303,74
10407,南部航務中心,小船,18,3,7,403,1213,272
10704,南部航務中心,小船,6,0,7,191,513,77
10203,南部航務中心,小船,29,5,8,184,705,273
10304,南部航務中心,小船,14,1,8,127,473,87
10306,南部航務中心,小船,61,15,8,142,477,102
10405,南部航務中心,小船,21,4,8,188,621,189
10509,南部航務中心,小船,33,7,8,142,427,63
10802,南部航務中心,小船,35,8,8,62,255,75
10903,南部航務中心,小船,25,4,8,238,682,110
10910,南部航務中心,小船,44,11,8,108,316,69
10008,南部航務中心,小船,30,5,9,142,491,174
10010,南部航務中心,小船,40,8,9,114,430,224
10307,南部航務中心,小船,21,2,9,164,564,151
10506,南部航務中心,小船,71,33,9,198,575,74
10607,南部航務中心,小船,54,19,9,233,696,148
10707,南部航務中心,小船,27,7,9,103,238,58
10712,南部航務中心,小船,31,7,9,117,395,77
10807,南部航務中心,小船,29,6,9,207,608,157
10810,南部航務中心,小船,24,5,9,208,772,187
11005,南部航務中心,小船,58,17,9,174,615,150
10102,南部航務中心,小船,10,0,10,42,172,67
10103,南部航務中心,小船,28,4,10,70,222,59
10107,南部航務中心,小船,45,19,10,92,272,45
10109,南部航務中心,小船,26,4,10,65,269,64
10205,南部航務中心,小船,31,6,10,168,647,250
10511,南部航務中心,小船,129,41,10,94,338,67
10709,南部航務中心,小船,75,20,10,128,382,64
10811,南部航務中心,小船,32,7,10,170,557,162
10906,南部航務中心,小船,80,13,10,124,392,70
11004,南部航務中心,小船,122,33,10,153,553,138
10404,南部航務中心,小船,45,10,11,301,924,209
10504,南部航務中心,小船,105,33,11,144,438,61
10604,南部航務中心,小船,67,20,11,246,844,218
10608,南部航務中心,小船,66,19,11,256,737,173
10904,南部航務中心,小船,62,15,11,141,487,80
10309,南部航務中心,小船,23,4,12,159,494,112
10401,南部航務中心,小船,18,1,12,129,462,148
10601,南部航務中心,小船,57,18,12,118,367,92
10611,南部航務中心,小船,23,7,12,154,552,158
10612,南部航務中心,小船,75,20,12,180,518,150
10706,南部航務中心,小船,35,9,12,87,246,52
10805,南部航務中心,小船,22,3,12,162,531,164
10809,南部航務中心,小船,61,20,12,179,523,145
10907,南部航務中心,小船,60,21,12,220,570,97
10909,南部航務中心,小船,72,18,12,142,460,85
10911,南部航務中心,小船,67,17,12,95,309,73
11003,南部航務中心,小船,63,16,12,289,855,177
10012,南部航務中心,小船,49,10,13,190,553,164
10308,南部航務中心,小船,24,3,13,143,577,125
10403,南部航務中心,小船,63,14,13,231,810,211
10406,南部航務中心,小船,69,15,13,269,865,193
10507,南部航務中心,小船,14,0,13,162,366,65
10602,南部航務中心,小船,43,14,13,107,353,110
10708,南部航務中心,小船,154,45,13,113,332,45
10803,南部航務中心,小船,58,11,13,222,680,158
10908,南部航務中心,小船,89,25,13,66,224,52
10201,南部航務中心,小船,111,37,14,148,501,157
10209,南部航務中心,小船,45,9,14,116,505,186
10311,南部航務中心,小船,52,10,14,133,462,139
10411,南部航務中心,小船,96,24,14,179,625,193
10606,南部航務中心,小船,89,27,14,195,646,168
10609,南部航務中心,小船,44,12,14,200,638,151
10804,南部航務中心,小船,72,28,14,280,791,150
11001,南部航務中心,小船,54,15,14,107,353,95
10108,南部航務中心,小船,37,5,15,106,322,66
10501,南部航務中心,小船,52,15,15,204,573,146
10603,南部航務中心,小船,50,12,15,237,693,176
10112,南部航務中心,小船,40,7,16,123,452,142
10207,南部航務中心,小船,103,24,16,176,715,209
10208,南部航務中心,小船,74,17,16,168,610,200
10410,南部航務中心,小船,79,16,16,216,796,202
10710,南部航務中心,小船,36,5,16,151,484,89
10801,南部航務中心,小船,36,5,16,187,595,109
10812,南部航務中心,小船,90,23,16,182,560,142
10106,南部航務中心,小船,89,23,17,173,651,165
10512,南部航務中心,小船,36,6,17,110,344,93
10905,南部航務中心,小船,69,20,17,131,421,74
10212,南部航務中心,小船,99,23,18,127,444,167
10301,南部航務中心,小船,68,13,18,100,309,119
10210,南部航務中心,小船,91,31,19,216,807,242
10408,南部航務中心,小船,49,7,19,301,953,234
10503,南部航務中心,小船,63,13,19,154,518,107
10508,南部航務中心,小船,38,5,19,126,382,77
10610,南部航務中心,小船,93,25,19,551,1668,321
10701,南部航務中心,小船,73,19,19,171,492,110
10705,南部航務中心,小船,73,15,19,160,476,78
10912,南部航務中心,小船,161,41,19,196,597,101
10711,南部航務中心,小船,105,25,20,143,433,95
10211,南部航務中心,小船,90,20,21,156,605,191
10310,南部航務中心,小船,40,5,21,175,700,134
10409,南部航務中心,小船,78,18,22,167,634,186
10009,北部航務中心,小船,0,0,0,101,399,110
10408,北部航務中心,小船,0,0,0,89,351,100
10507,北部航務中心,小船,0,0,0,70,269,38
10512,北部航務中心,小船,0,0,0,119,341,61
10602,北部航務中心,小船,0,0,0,67,261,66
10610,北部航務中心,小船,0,0,0,131,417,78
10611,北部航務中心,小船,0,0,0,98,363,68
10612,北部航務中心,小船,0,0,0,87,268,40
10702,北部航務中心,小船,0,0,0,27,92,15
10705,北部航務中心,小船,0,0,0,73,229,43
10707,北部航務中心,小船,0,0,0,79,288,53
10709,北部航務中心,小船,0,0,0,71,230,29
10710,北部航務中心,小船,0,0,0,54,179,37
10712,北部航務中心,小船,0,0,0,75,257,47
10801,北部航務中心,小船,0,0,0,98,363,71
10802,北部航務中心,小船,0,0,0,68,269,52
10803,北部航務中心,小船,0,0,0,124,481,98
10804,北部航務中心,小船,0,0,0,137,481,82
10805,北部航務中心,小船,0,0,0,127,453,124
10810,北部航務中心,小船,0,0,0,96,333,83
10902,北部航務中心,小船,0,0,0,64,211,36
10905,北部航務中心,小船,0,0,0,95,325,51
10907,北部航務中心,小船,0,0,0,50,192,42
10908,北部航務中心,小船,0,0,0,56,223,35
10911,北部航務中心,小船,0,0,0,56,206,38
11005,北部航務中心,小船,0,0,0,164,585,119
10007,北部航務中心,小船,5,1,1,98,394,120
10102,北部航務中心,小船,18,10,1,30,89,15
10106,北部航務中心,小船,3,0,1,27,103,12
10210,北部航務中心,小船,2,0,1,74,306,76
10306,北部航務中心,小船,19,5,1,28,106,20
10308,北部航務中心,小船,1,0,1,60,229,33
10401,北部航務中心,小船,9,2,1,100,316,63
10404,北部航務中心,小船,0,0,1,184,689,128
10409,北部航務中心,小船,0,0,1,142,526,83
10411,北部航務中心,小船,4,1,1,90,369,68
10412,北部航務中心,小船,3,1,1,87,218,51
10501,北部航務中心,小船,3,1,1,74,284,61
10502,北部航務中心,小船,1,0,1,34,124,24
10503,北部航務中心,小船,8,2,1,103,343,49
10508,北部航務中心,小船,2,0,1,52,194,33
10604,北部航務中心,小船,19,8,1,143,517,109
10605,北部航務中心,小船,2,0,1,144,506,111
10608,北部航務中心,小船,1,0,1,121,517,127
10711,北部航務中心,小船,1,0,1,66,231,42
10806,北部航務中心,小船,3,1,1,145,526,110
10811,北部航務中心,小船,13,4,1,78,282,57
10812,北部航務中心,小船,19,7,1,101,330,49
10901,北部航務中心,小船,1,0,1,40,151,33
10903,北部航務中心,小船,16,4,1,112,392,56
10904,北部航務中心,小船,3,1,1,64,244,43
10906,北部航務中心,小船,2,0,1,128,411,51
11001,北部航務中心,小船,2,0,1,93,325,59
11003,北部航務中心,小船,15,4,1,173,619,128
10002,北部航務中心,小船,38,12,2,51,186,44
10003,北部航務中心,小船,3,0,2,183,642,118
10004,北部航務中心,小船,26,11,2,150,560,130
10005,北部航務中心,小船,4,0,2,226,777,134
10101,北部航務中心,小船,3,0,2,29,118,19
10103,北部航務中心,小船,8,1,2,74,232,34
10105,北部航務中心,小船,11,3,2,69,215,33
10108,北部航務中心,小船,2,0,2,47,157,28
10110,北部航務中心,小船,20,8,2,41,157,27
10112,北部航務中心,小船,0,0,2,32,135,35
10201,北部航務中心,小船,9,2,2,107,310,66
10202,北部航務中心,小船,8,1,2,50,188,40
10203,北部航務中心,小船,13,3,2,149,562,116
10311,北部航務中心,小船,25,10,2,59,193,36
10405,北部航務中心,小船,1,0,2,171,611,112
10407,北部航務中心,小船,2,0,2,143,578,163
10410,北部航務中心,小船,6,1,2,157,521,106
10701,北部航務中心,小船,12,3,2,57,239,49
10704,北部航務中心,小船,10,2,2,103,375,55
10807,北部航務中心,小船,0,0,2,121,509,129
10910,北部航務中心,小船,23,6,2,45,181,33
10012,北部航務中心,小船,38,10,3,77,302,45
10208,北部航務中心,小船,9,2,3,93,327,89
10211,北部航務中心,小船,39,13,3,124,437,86
10302,北部航務中心,小船,25,6,3,31,96,10
10303,北部航務中心,小船,16,3,3,45,135,27
10305,北部航務中心,小船,7,1,3,48,185,26
10506,北部航務中心,小船,23,8,3,42,156,28
10511,北部航務中心,小船,33,9,3,90,292,43
10601,北部航務中心,小船,12,3,3,84,314,56
10703,北部航務中心,小船,13,3,3,43,159,34
10808,北部航務中心,小船,4,0,3,130,494,99
10809,北部航務中心,小船,24,7,3,64,266,55
10909,北部航務中心,小船,10,2,3,101,312,42
11002,北部航務中心,小船,33,16,3,103,336,42
11004,北部航務中心,小船,5,0,3,141,505,108
11006,北部航務中心,小船,12,3,3,127,478,98
10402,北部航務中心,小船,5,0,4,113,322,41
10912,北部航務中心,小船,7,0,4,52,202,42
10111,北部航務中心,小船,29,7,5,88,315,46
10207,北部航務中心,小船,45,12,5,98,394,128
10307,北部航務中心,小船,36,9,5,40,141,21
10403,北部航務中心,小船,37,12,6,147,512,105
10001,中部航務中心,小船,0,0,0,7,23,6
10002,中部航務中心,小船,0,0,0,10,39,11
10003,中部航務中心,小船,0,0,0,16,64,10
10005,中部航務中心,小船,0,0,0,4,21,11
10006,中部航務中心,小船,0,0,0,20,64,13
10011,中部航務中心,小船,0,0,0,4,23,8
10012,中部航務中心,小船,0,0,0,14,57,12
10104,中部航務中心,小船,0,0,0,3,9,2
10105,中部航務中心,小船,0,0,0,2,6,2
10106,中部航務中心,小船,0,0,0,11,40,6
10111,中部航務中心,小船,0,0,0,12,44,3
10201,中部航務中心,小船,0,0,0,4,15,11
10202,中部航務中心,小船,0,0,0,2,19,8
10203,中部航務中心,小船,0,0,0,10,48,20
10204,中部航務中心,小船,0,0,0,2,14,10
10205,中部航務中心,小船,0,0,0,6,46,25
10206,中部航務中心,小船,0,0,0,17,64,17
10208,中部航務中心,小船,0,0,0,12,42,11
10210,中部航務中心,小船,0,0,0,1,26,13
10211,中部航務中心,小船,0,0,0,4,12,7
10212,中部航務中心,小船,0,0,0,1,9,6
10301,中部航務中心,小船,0,0,0,3,11,5
10302,中部航務中心,小船,0,0,0,8,32,9
10303,中部航務中心,小船,0,0,0,6,26,7
10304,中部航務中心,小船,0,0,0,14,36,4
10305,中部航務中心,小船,0,0,0,2,14,6
10306,中部航務中心,小船,0,0,0,14,51,10
10308,中部航務中心,小船,0,0,0,42,97,20
10309,中部航務中心,小船,0,0,0,188,457,53
10311,中部航務中心,小船,0,0,0,100,216,29
10312,中部航務中心,小船,0,0,0,126,267,29
10401,中部航務中心,小船,0,0,0,113,274,43
10402,中部航務中心,小船,0,0,0,60,141,18
10403,中部航務中心,小船,0,0,0,138,320,64
10404,中部航務中心,小船,0,0,0,133,357,63
10406,中部航務中心,小船,0,0,0,176,427,80
10407,中部航務中心,小船,0,0,0,186,472,80
10410,中部航務中心,小船,0,0,0,63,190,61
10411,中部航務中心,小船,0,0,0,134,313,53
10412,中部航務中心,小船,0,0,0,174,397,59
10501,中部航務中心,小船,0,0,0,89,226,48
10502,中部航務中心,小船,0,0,0,109,252,31
10503,中部航務中心,小船,0,0,0,132,355,59
10505,中部航務中心,小船,0,0,0,141,336,55
10506,中部航務中心,小船,0,0,0,119,323,55
10507,中部航務中心,小船,0,0,0,158,404,82
10508,中部航務中心,小船,0,0,0,100,271,55
10509,中部航務中心,小船,0,0,0,80,216,37
10510,中部航務中心,小船,0,0,0,164,355,43
10512,中部航務中心,小船,0,0,0,121,266,42
10601,中部航務中心,小船,0,0,0,196,422,47
10602,中部航務中心,小船,0,0,0,28,92,33
10605,中部航務中心,小船,0,0,0,113,277,70
10606,中部航務中心,小船,0,0,0,126,340,75
10608,中部航務中心,小船,0,0,0,96,223,46
10610,中部航務中心,小船,0,0,0,77,230,59
10702,中部航務中心,小船,0,0,0,120,260,27
10705,中部航務中心,小船,0,0,0,162,373,55
10706,中部航務中心,小船,0,0,0,31,113,35
10707,中部航務中心,小船,0,0,0,166,393,44
10709,中部航務中心,小船,0,0,0,130,300,41
10710,中部航務中心,小船,0,0,0,87,264,39
10711,中部航務中心,小船,0,0,0,117,241,37
10712,中部航務中心,小船,0,0,0,44,104,25
10801,中部航務中心,小船,0,0,0,99,243,46
10802,中部航務中心,小船,0,0,0,89,192,32
10803,中部航務中心,小船,0,0,0,144,343,58
10808,中部航務中心,小船,0,0,0,170,423,67
10809,中部航務中心,小船,0,0,0,124,312,58
10810,中部航務中心,小船,0,0,0,105,260,61
10811,中部航務中心,小船,0,0,0,168,367,56
10812,中部航務中心,小船,0,0,0,109,279,50
10901,中部航務中心,小船,0,0,0,137,330,38
10902,中部航務中心,小船,0,0,0,75,191,36
10903,中部航務中心,小船,0,0,0,48,159,49
10904,中部航務中心,小船,0,0,0,123,299,44
10905,中部航務中心,小船,0,0,0,36,131,41
10907,中部航務中心,小船,0,0,0,141,339,41
10908,中部航務中心,小船,0,0,0,149,366,48
10909,中部航務中心,小船,0,0,0,159,356,44
10910,中部航務中心,小船,0,0,0,89,235,38
10911,中部航務中心,小船,0,0,0,114,258,35
10912,中部航務中心,小船,0,0,0,104,231,40
11001,中部航務中心,小船,0,0,0,45,133,34
11003,中部航務中心,小船,0,0,0,109,253,63
11004,中部航務中心,小船,0,0,0,188,411,56
10008,中部航務中心,小船,1,0,1,10,46,16
10504,中部航務中心,小船,7,2,1,89,257,57
10511,中部航務中心,小船,2,0,1,118,291,38
10603,中部航務中心,小船,4,1,1,175,416,73
10704,中部航務中心,小船,5,1,1,150,357,51
10804,中部航務中心,小船,1,0,1,194,463,72
10805,中部航務中心,小船,12,3,1,146,363,75
10807,中部航務中心,小船,0,0,1,108,318,73
10906,中部航務中心,小船,17,5,1,179,398,48
11002,中部航務中心,小船,11,3,1,94,202,29
10409,中部航務中心,小船,33,10,2,150,375,62
10806,中部航務中心,小船,19,5,2,98,231,47
11006,中部航務中心,小船,2,0,2,210,519,84
11005,中部航務中心,小船,3,0,3,82,203,59
10001,東部航務中心,漁船,0,0,0,18,55,2
10002,東部航務中心,漁船,0,0,0,49,103,3
10003,東部航務中心,漁船,0,0,0,113,329,9
10006,東部航務中心,漁船,0,0,0,55,138,4
10009,東部航務中心,漁船,0,0,0,121,302,9
10012,東部航務中心,漁船,0,0,0,25,88,3
10102,東部航務中心,漁船,0,0,0,28,96,2
10103,東部航務中心,漁船,0,0,0,120,344,11
10106,東部航務中心,漁船,0,0,0,13,44,1
10107,東部航務中心,漁船,0,0,0,126,319,9
10108,東部航務中心,漁船,0,0,0,129,336,9
10109,東部航務中心,漁船,0,0,0,140,354,10
10111,東部航務中心,漁船,0,0,0,10,31,1
10112,東部航務中心,漁船,0,0,0,18,63,2
10204,東部航務中心,漁船,0,0,0,45,89,2
10206,東部航務中心,漁船,0,0,0,63,170,4
10207,東部航務中心,漁船,0,0,0,77,171,5
10208,東部航務中心,漁船,0,0,0,145,405,12
10209,東部航務中心,漁船,0,0,0,63,180,4
10210,東部航務中心,漁船,0,0,0,24,84,3
10211,東部航務中心,漁船,0,0,0,58,148,4
10212,東部航務中心,漁船,0,0,0,8,29,1
10302,東部航務中心,漁船,0,0,0,38,132,4
10305,東部航務中心,漁船,0,0,0,46,102,3
10306,東部航務中心,漁船,0,0,0,50,124,4
10307,東部航務中心,漁船,0,0,0,87,222,6
10309,東部航務中心,漁船,0,0,0,631,2065,5
10310,東部航務中心,漁船,0,0,0,29,95,3
10311,東部航務中心,漁船,0,0,0,8,29,1
10312,東部航務中心,漁船,0,0,0,565,1888,2
10401,東部航務中心,漁船,0,0,0,17,38,1
10404,東部航務中心,漁船,0,0,0,42,147,3
10408,東部航務中心,漁船,0,0,0,23,80,2
10409,東部航務中心,漁船,0,0,0,89,254,8
10410,東部航務中心,漁船,0,0,0,33,108,3
10411,東部航務中心,漁船,0,0,0,24,45,1
10412,東部航務中心,漁船,0,0,0,19,63,2
10502,東部航務中心,漁船,0,0,0,21,72,3
10508,東部航務中心,漁船,0,0,0,144,390,12
10509,東部航務中心,漁船,0,0,0,23,79,3
10510,東部航務中心,漁船,0,0,0,30,58,2
10511,東部航務中心,漁船,0,0,0,10,31,1
10602,東部航務中心,漁船,0,0,0,26,89,3
10604,東部航務中心,漁船,0,0,0,377,1234,2
10607,東部航務中心,漁船,0,0,0,58,172,5
10608,東部航務中心,漁船,0,0,0,49,125,4
10611,東部航務中心,漁船,0,0,0,26,87,2
10612,東部航務中心,漁船,0,0,0,19,66,2
10701,東部航務中心,漁船,0,0,0,17,58,2
10702,東部航務中心,漁船,0,0,0,39,86,2
10704,東部航務中心,漁船,0,0,0,16,55,2
10705,東部航務中心,漁船,0,0,0,36,123,3
10706,東部航務中心,漁船,0,0,0,29,76,2
10707,東部航務中心,漁船,0,0,0,46,160,5
10708,東部航務中心,漁船,0,0,0,26,91,3
10709,東部航務中心,漁船,0,0,0,62,176,4
10710,東部航務中心,漁船,0,0,0,42,139,4
10711,東部航務中心,漁船,0,0,0,250,834,2
10801,東部航務中心,漁船,0,0,0,30,58,2
10803,東部航務中心,漁船,0,0,0,14,49,1
10805,東部航務中心,漁船,0,0,0,33,91,3
10806,東部航務中心,漁船,0,0,0,34,118,3
10808,東部航務中心,漁船,0,0,0,31,105,3
10809,東部航務中心,漁船,0,0,0,34,87,3
10812,東部航務中心,漁船,0,0,0,10,31,1
10903,東部航務中心,漁船,0,0,0,37,83,2
10904,東部航務中心,漁船,0,0,0,10,33,1
10906,東部航務中心,漁船,0,0,0,9,32,1
10907,東部航務中心,漁船,0,0,0,54,99,3
10908,東部航務中心,漁船,0,0,0,14,47,1
10909,東部航務中心,漁船,0,0,0,17,58,2
10910,東部航務中心,漁船,0,0,0,19,62,2
10911,東部航務中心,漁船,0,0,0,15,29,1
11001,東部航務中心,漁船,0,0,0,26,44,1
11005,東部航務中心,漁船,0,0,0,10,33,1
11006,東部航務中心,漁船,0,0,0,9,32,1
10905,東部航務中心,漁船,31,10,1,10,31,1
10509,南部航務中心,漁船,0,0,0,8004,22186,97
10902,南部航務中心,漁船,0,0,0,9413,26010,136
10007,南部航務中心,漁船,99,35,1,13187,31688,129
10101,南部航務中心,漁船,978,462,1,11798,27751,93
10302,南部航務中心,漁船,1288,386,1,5312,13586,105
10309,南部航務中心,漁船,298,126,1,10084,25762,129
10412,南部航務中心,漁船,324,131,1,27504,61946,145
10604,南部航務中心,漁船,1150,436,1,6656,17043,95
10701,南部航務中心,漁船,49,14,1,9069,22475,111
10803,南部航務中心,漁船,69,20,1,6142,16406,101
10804,南部航務中心,漁船,49,14,1,8636,21125,121
10810,南部航務中心,漁船,132,45,1,11770,33864,113
10812,南部航務中心,漁船,1291,441,1,32207,74609,132
10904,南部航務中心,漁船,99,38,1,7602,18760,92
10002,南部航務中心,漁船,298,118,2,3240,8616,73
10008,南部航務中心,漁船,227,87,2,7024,17963,117
10201,南部航務中心,漁船,301,114,2,7643,16778,82
10206,南部航務中心,漁船,388,153,2,8437,20859,90
10209,南部航務中心,漁船,1016,494,2,10698,26286,94
10310,南部航務中心,漁船,2286,916,2,4943,13123,91
10502,南部航務中心,漁船,82,24,2,5139,13720,90
10510,南部航務中心,漁船,824,306,2,6887,17135,92
10605,南部航務中心,漁船,414,150,2,7160,18897,110
10702,南部航務中心,漁船,670,280,2,6351,17311,110
10703,南部航務中心,漁船,75,21,2,8552,21684,134
10704,南部航務中心,漁船,2474,898,2,6256,15873,79
10802,南部航務中心,漁船,459,168,2,5143,13023,81
10807,南部航務中心,漁船,1555,540,2,6000,14893,101
10809,南部航務中心,漁船,71,20,2,4570,11861,87
10901,南部航務中心,漁船,677,238,2,9102,21127,99
10903,南部航務中心,漁船,588,221,2,7725,19064,92
10905,南部航務中心,漁船,371,133,2,6581,17083,92
10906,南部航務中心,漁船,1348,480,2,6497,16831,103
10202,南部航務中心,漁船,2163,664,3,2572,7440,72
10203,南部航務中心,漁船,297,110,3,5001,11530,83
10204,南部航務中心,漁船,2382,1171,3,8100,19441,102
10207,南部航務中心,漁船,2221,975,3,14663,34320,135
10303,南部航務中心,漁船,1608,756,3,5369,14044,98
10307,南部航務中心,漁船,2095,986,3,15058,33582,123
10406,南部航務中心,漁船,364,141,3,7020,18345,96
10409,南部航務中心,漁船,2531,944,3,10716,27543,122
10504,南部航務中心,漁船,402,148,3,9382,25631,115
10608,南部航務中心,漁船,152,45,3,7358,20071,115
10609,南部航務中心,漁船,480,181,3,7340,18836,107
10610,南部航務中心,漁船,1597,585,3,8955,24154,128
10709,南部航務中心,漁船,2097,628,3,9325,26629,111
10805,南部航務中心,漁船,1710,576,3,9665,23278,116
10808,南部航務中心,漁船,481,159,3,5344,14311,95
10907,南部航務中心,漁船,256,77,3,13654,33282,107
10003,南部航務中心,漁船,391,137,4,4460,12209,115
10004,南部航務中心,漁船,446,142,4,4691,12477,94
10012,南部航務中心,漁船,351,126,4,23190,51426,115
10105,南部航務中心,漁船,2134,1061,4,6045,14664,82
10211,南部航務中心,漁船,1621,710,4,9925,22767,103
10212,南部航務中心,漁船,2181,995,4,19907,45006,114
10305,南部航務中心,漁船,1444,637,4,4582,11138,74
10306,南部航務中心,漁船,2533,1171,4,11212,25738,126
10311,南部航務中心,漁船,3100,1219,4,5705,15093,76
10401,南部航務中心,漁船,1625,691,4,16016,34539,114
10404,南部航務中心,漁船,3991,1438,4,8851,22127,112
10503,南部航務中心,漁船,955,367,4,12658,31661,159
10505,南部航務中心,漁船,666,198,4,10880,24685,113
10601,南部航務中心,漁船,1238,474,4,17483,39549,140
10602,南部航務中心,漁船,597,208,4,7849,21031,110
10707,南部航務中心,漁船,3060,1142,4,16018,35870,129
10708,南部航務中心,漁船,486,170,4,5351,14334,72
10711,南部航務中心,漁船,1365,512,4,8813,22613,123
10801,南部航務中心,漁船,1949,627,4,10000,24498,132
10811,南部航務中心,漁船,2902,1040,4,11232,29624,101
10908,南部航務中心,漁船,401,124,4,8666,22448,97
10103,南部航務中心,漁船,465,156,5,2734,7830,91
10104,南部航務中心,漁船,784,308,5,3818,9872,69
10112,南部航務中心,漁船,1884,623,5,24672,56828,133
10208,南部航務中心,漁船,3668,1165,5,12887,31872,133
10301,南部航務中心,漁船,2060,708,5,21038,48029,140
10403,南部航務中心,漁船,2690,1108,5,9827,25400,146
10407,南部航務中心,漁船,1606,665,5,17665,41871,134
10606,南部航務中心,漁船,2205,796,5,7153,18084,127
10611,南部航務中心,漁船,4954,1790,5,10740,26712,111
10710,南部航務中心,漁船,2685,833,5,9502,25236,109
10712,南部航務中心,漁船,1165,400,5,32205,72801,143
10910,南部航務中心,漁船,2112,641,5,4756,12545,71
10410,南部航務中心,漁船,780,299,6,10837,28381,145
10806,南部航務中心,漁船,3069,1121,6,18636,42853,122
10909,南部航務中心,漁船,769,242,6,5475,14847,89
10205,南部航務中心,漁船,2768,1218,7,4932,12527,93
11003,南部航務中心,漁船,645,194,7,11410,28673,106
10411,南部航務中心,漁船,2382,1026,8,9760,24251,120
11002,南部航務中心,漁船,1286,450,9,5511,13879,84
10911,南部航務中心,漁船,2375,727,10,5026,13284,68
11001,南部航務中心,漁船,716,226,10,22368,52855,109
11006,南部航務中心,漁船,842,261,10,5612,13982,94
10912,南部航務中心,漁船,2871,937,11,16956,41871,94
11004,南部航務中心,漁船,1653,539,12,9367,24245,129
11005,南部航務中心,漁船,1608,546,12,15472,36932,127
10512,南部航務中心,漁船,2034,770,14,25745,57296,141
10001,北部航務中心,漁船,0,0,0,1502,3744,27
10004,北部航務中心,漁船,0,0,0,851,2698,40
10005,北部航務中心,漁船,0,0,0,930,2697,35
10009,北部航務中心,漁船,0,0,0,1709,4410,41
10104,北部航務中心,漁船,0,0,0,818,2668,33
10109,北部航務中心,漁船,0,0,0,602,1797,25
10212,北部航務中心,漁船,0,0,0,557,1690,15
10301,北部航務中心,漁船,0,0,0,876,2770,24
10302,北部航務中心,漁船,0,0,0,577,1649,18
10309,北部航務中心,漁船,0,0,0,824,2446,27
10401,北部航務中心,漁船,0,0,0,456,1534,24
10411,北部航務中心,漁船,0,0,0,807,2494,26
10412,北部航務中心,漁船,0,0,0,597,1983,26
10501,北部航務中心,漁船,0,0,0,596,2021,30
10512,北部航務中心,漁船,0,0,0,1326,4252,31
10603,北部航務中心,漁船,0,0,0,1141,3335,36
10604,北部航務中心,漁船,0,0,0,1136,3652,49
10609,北部航務中心,漁船,0,0,0,832,2429,25
10610,北部航務中心,漁船,0,0,0,2342,6008,59
10611,北部航務中心,漁船,0,0,0,1584,5024,36
10702,北部航務中心,漁船,0,0,0,347,1123,16
10708,北部航務中心,漁船,0,0,0,892,2770,39
10709,北部航務中心,漁船,0,0,0,511,1615,24
10711,北部航務中心,漁船,0,0,0,938,2512,25
10801,北部航務中心,漁船,0,0,0,738,2430,33
10803,北部航務中心,漁船,0,0,0,823,2604,34
10805,北部航務中心,漁船,0,0,0,1651,5234,71
10806,北部航務中心,漁船,0,0,0,1100,3562,52
10901,北部航務中心,漁船,0,0,0,525,1606,25
10902,北部航務中心,漁船,0,0,0,721,2392,35
10907,北部航務中心,漁船,0,0,0,972,3190,44
10909,北部航務中心,漁船,0,0,0,854,2553,28
10910,北部航務中心,漁船,0,0,0,957,3046,36
10911,北部航務中心,漁船,0,0,0,1082,2978,29
11001,北部航務中心,漁船,0,0,0,822,2327,33
11002,北部航務中心,漁船,0,0,0,422,1394,24
10002,北部航務中心,漁船,45,13,1,469,1413,15
10011,北部航務中心,漁船,42,12,1,853,2327,21
10101,北部航務中心,漁船,47,17,1,888,2601,22
10103,北部航務中心,漁船,46,14,1,924,2918,39
10107,北部航務中心,漁船,89,27,1,1995,5427,30
10110,北部航務中心,漁船,114,34,1,1361,3797,35
10202,北部航務中心,漁船,49,16,1,167,511,10
10203,北部航務中心,漁船,165,50,1,990,3239,40
10303,北部航務中心,漁船,49,14,1,687,2148,27
10311,北部航務中心,漁船,60,18,1,781,2321,23
10312,北部航務中心,漁船,45,13,1,880,2642,26
10408,北部航務中心,漁船,49,14,1,1431,4063,37
10504,北部航務中心,漁船,55,16,1,1492,4804,44
10602,北部航務中心,漁船,67,20,1,553,1595,18
10606,北部航務中心,漁船,49,22,1,1533,4951,68
10612,北部航務中心,漁船,94,28,1,369,1175,14
10703,北部航務中心,漁船,95,28,1,712,2354,34
10707,北部航務中心,漁船,198,131,1,1801,5365,56
10710,北部航務中心,漁船,49,14,1,689,2181,28
10802,北部航務中心,漁船,53,16,1,523,1624,23
10804,北部航務中心,漁船,80,24,1,1282,4139,51
10807,北部航務中心,漁船,126,37,1,1696,5223,52
10809,北部航務中心,漁船,45,13,1,781,2419,33
10810,北部航務中心,漁船,167,50,1,591,1956,31
10812,北部航務中心,漁船,65,19,1,551,1816,26
10903,北部航務中心,漁船,66,20,1,1973,6196,48
10904,北部航務中心,漁船,71,21,1,1391,4429,52
10906,北部航務中心,漁船,49,14,1,1433,4667,58
10912,北部航務中心,漁船,42,12,1,371,1239,22
11003,北部航務中心,漁船,99,29,1,1383,4456,58
11005,北部航務中心,漁船,49,17,1,1354,4332,49
10102,北部航務中心,漁船,293,84,2,1221,3584,32
10204,北部航務中心,漁船,114,34,2,847,2501,35
10205,北部航務中心,漁船,183,54,2,1217,3805,53
10210,北部航務中心,漁船,77,32,2,1145,3128,29
10306,北部航務中心,漁船,105,31,2,1221,3775,44
10307,北部航務中心,漁船,92,30,2,2013,5580,42
10308,北部航務中心,漁船,107,31,2,1353,4020,27
10410,北部航務中心,漁船,148,52,2,708,2161,26
10502,北部航務中心,漁船,174,51,2,321,1096,17
10503,北部航務中心,漁船,166,49,2,1277,3885,46
10505,北部航務中心,漁船,132,39,2,1061,3451,45
10506,北部航務中心,漁船,114,34,2,1171,3496,45
10508,北部航務中心,漁船,86,34,2,1291,3795,45
10705,北部航務中心,漁船,105,31,2,1714,5508,72
10808,北部航務中心,漁船,81,24,2,1049,2991,26
10811,北部航務中心,漁船,95,38,2,1184,3228,25
10905,北部航務中心,漁船,96,31,2,1006,3233,49
11004,北部航務中心,漁船,190,56,2,1501,4574,54
11006,北部航務中心,漁船,141,41,2,1842,5664,67
10007,北部航務中心,漁船,144,42,3,883,2781,34
10206,北部航務中心,漁船,269,79,3,939,2913,39
10211,北部航務中心,漁船,277,87,3,1113,3340,39
10305,北部航務中心,漁船,128,40,3,1265,3977,58
10712,北部航務中心,漁船,263,78,3,592,1985,23
10908,北部航務中心,漁船,261,78,3,1045,3360,41
10509,北部航務中心,漁船,317,93,5,432,1374,22
10510,北部航務中心,漁船,580,172,5,1026,3213,38
10601,北部航務中心,漁船,468,139,5,630,1985,27
10406,北部航務中心,漁船,355,116,6,1425,4166,51
10001,中部航務中心,漁船,0,0,0,42,144,2
10002,中部航務中心,漁船,0,0,0,53,181,3
10004,中部航務中心,漁船,0,0,0,180,558,8
10006,中部航務中心,漁船,0,0,0,160,486,9
10007,中部航務中心,漁船,0,0,0,57,174,3
10009,中部航務中心,漁船,0,0,0,207,630,7
10010,中部航務中心,漁船,0,0,0,165,508,10
10101,中部航務中心,漁船,0,0,0,32,107,1
10102,中部航務中心,漁船,0,0,0,105,352,6
10104,中部航務中心,漁船,0,0,0,44,150,2
10106,中部航務中心,漁船,0,0,0,375,1206,18
10107,中部航務中心,漁船,0,0,0,118,354,7
10108,中部航務中心,漁船,0,0,0,103,309,4
10110,中部航務中心,漁船,0,0,0,150,404,8
10111,中部航務中心,漁船,0,0,0,129,389,8
10201,中部航務中心,漁船,0,0,0,54,185,3
10204,中部航務中心,漁船,0,0,0,150,485,8
10205,中部航務中心,漁船,0,0,0,300,895,15
10206,中部航務中心,漁船,0,0,0,249,773,12
10207,中部航務中心,漁船,0,0,0,223,665,10
10208,中部航務中心,漁船,0,0,0,43,144,3
10302,中部航務中心,漁船,0,0,0,92,316,5
10303,中部航務中心,漁船,0,0,0,104,320,6
10305,中部航務中心,漁船,0,0,0,227,744,13
10306,中部航務中心,漁船,0,0,0,185,592,8
10307,中部航務中心,漁船,0,0,0,130,410,6
10308,中部航務中心,漁船,0,0,0,130,366,7
10309,中部航務中心,漁船,0,0,0,234,680,13
10310,中部航務中心,漁船,0,0,0,173,532,10
10311,中部航務中心,漁船,0,0,0,78,259,4
10312,中部航務中心,漁船,0,0,0,40,115,3
10401,中部航務中心,漁船,0,0,0,135,389,9
10402,中部航務中心,漁船,0,0,0,83,277,2
10403,中部航務中心,漁船,0,0,0,144,494,8
10404,中部航務中心,漁船,0,0,0,237,767,11
10405,中部航務中心,漁船,0,0,0,110,357,6
10406,中部航務中心,漁船,0,0,0,145,466,7
10408,中部航務中心,漁船,0,0,0,167,423,11
10409,中部航務中心,漁船,0,0,0,81,216,4
10412,中部航務中心,漁船,0,0,0,44,151,3
10502,中部航務中心,漁船,0,0,0,61,181,3
10504,中部航務中心,漁船,0,0,0,244,793,13
10505,中部航務中心,漁船,0,0,0,272,904,13
10506,中部航務中心,漁船,0,0,0,168,544,8
10507,中部航務中心,漁船,0,0,0,155,528,8
10509,中部航務中心,漁船,0,0,0,57,162,3
10510,中部航務中心,漁船,0,0,0,100,345,7
10512,中部航務中心,漁船,0,0,0,139,443,8
10601,中部航務中心,漁船,0,0,0,92,296,4
10602,中部航務中心,漁船,0,0,0,43,145,2
10603,中部航務中心,漁船,0,0,0,101,344,6
10604,中部航務中心,漁船,0,0,0,80,276,4
10605,中部航務中心,漁船,0,0,0,227,683,12
10606,中部航務中心,漁船,0,0,0,251,736,13
10608,中部航務中心,漁船,0,0,0,99,298,6
10610,中部航務中心,漁船,0,0,0,271,841,13
10612,中部航務中心,漁船,0,0,0,77,262,5
10703,中部航務中心,漁船,0,0,0,57,195,4
10704,中部航務中心,漁船,0,0,0,179,568,8
10705,中部航務中心,漁船,0,0,0,246,771,12
10707,中部航務中心,漁船,0,0,0,169,528,10
10708,中部航務中心,漁船,0,0,0,173,532,9
10709,中部航務中心,漁船,0,0,0,215,643,12
10710,中部航務中心,漁船,0,0,0,97,267,6
10711,中部航務中心,漁船,0,0,0,109,287,6
10712,中部航務中心,漁船,0,0,0,58,198,4
10801,中部航務中心,漁船,0,0,0,55,189,4
10803,中部航務中心,漁船,0,0,0,23,79,1
10804,中部航務中心,漁船,0,0,0,289,969,14
10805,中部航務中心,漁船,0,0,0,315,1010,16
10806,中部航務中心,漁船,0,0,0,239,751,13
10807,中部航務中心,漁船,0,0,0,220,652,12
10808,中部航務中心,漁船,0,0,0,188,547,11
10809,中部航務中心,漁船,0,0,0,110,305,6
10810,中部航務中心,漁船,0,0,0,125,322,6
10811,中部航務中心,漁船,0,0,0,121,410,6
10812,中部航務中心,漁船,0,0,0,118,337,8
10901,中部航務中心,漁船,0,0,0,97,259,4
10902,中部航務中心,漁船,0,0,0,37,126,2
10903,中部航務中心,漁船,0,0,0,133,437,8
10904,中部航務中心,漁船,0,0,0,378,1252,20
10905,中部航務中心,漁船,0,0,0,202,661,8
10906,中部航務中心,漁船,0,0,0,266,785,13
10907,中部航務中心,漁船,0,0,0,107,312,8
10908,中部航務中心,漁船,0,0,0,203,598,10
10909,中部航務中心,漁船,0,0,0,85,225,5
10910,中部航務中心,漁船,0,0,0,115,355,6
10911,中部航務中心,漁船,0,0,0,114,353,8
10912,中部航務中心,漁船,0,0,0,191,570,8
11001,中部航務中心,漁船,0,0,0,49,168,3
11002,中部航務中心,漁船,0,0,0,14,46,1
11003,中部航務中心,漁船,0,0,0,102,350,7
11004,中部航務中心,漁船,0,0,0,87,270,5
11006,中部航務中心,漁船,0,0,0,232,669,14
10802,中部航務中心,漁船,43,13,1,184,623,8
11005,中部航務中心,漁船,27,8,1,419,1326,17
10008,東部航務中心,拖駁船,0,0,0,202,676,2
10103,東部航務中心,拖駁船,0,0,0,323,1077,3
10104,東部航務中心,拖駁船,0,0,0,120,400,1
10110,東部航務中心,拖駁船,0,0,0,104,347,1
10201,東部航務中心,拖駁船,0,0,0,240,800,2
10203,東部航務中心,拖駁船,0,0,0,102,442,2
10209,東部航務中心,拖駁船,0,0,0,56,185,1
10211,東部航務中心,拖駁船,0,0,0,501,1671,4
10212,東部航務中心,拖駁船,0,0,0,83,277,1
10305,東部航務中心,拖駁船,0,0,0,106,354,1
10307,東部航務中心,拖駁船,0,0,0,202,676,2
10308,東部航務中心,拖駁船,0,0,0,39,130,1
10310,東部航務中心,拖駁船,0,0,0,106,354,1
10312,東部航務中心,拖駁船,0,0,0,203,677,2
10401,東部航務中心,拖駁船,0,0,0,240,800,2
10408,東部航務中心,拖駁船,0,0,0,137,459,2
10409,東部航務中心,拖駁船,0,0,0,104,347,1
10410,東部航務中心,拖駁船,0,0,0,121,404,1
10501,東部航務中心,拖駁船,0,0,0,323,1077,3
10502,東部航務中心,拖駁船,0,0,0,120,400,1
10505,東部航務中心,拖駁船,0,0,0,39,130,1
10507,東部航務中心,拖駁船,0,0,0,98,329,1
10510,東部航務中心,拖駁船,0,0,0,121,404,1
10512,東部航務中心,拖駁船,0,0,0,120,400,1
10601,東部航務中心,拖駁船,0,0,0,346,1154,3
10605,東部航務中心,拖駁船,0,0,0,39,130,1
10608,東部航務中心,拖駁船,0,0,0,98,329,1
10612,東部航務中心,拖駁船,0,0,0,360,1200,3
10701,東部航務中心,拖駁船,0,0,0,141,471,1
10704,東部航務中心,拖駁船,0,0,0,39,130,1
10711,東部航務中心,拖駁船,0,0,0,83,277,1
10712,東部航務中心,拖駁船,0,0,0,128,427,2
10801,東部航務中心,拖駁船,0,0,0,240,800,2
10804,東部航務中心,拖駁船,0,0,0,39,130,1
10808,東部航務中心,拖駁船,0,0,0,112,374,2
10810,東部航務中心,拖駁船,0,0,0,98,329,1
10811,東部航務中心,拖駁船,0,0,0,83,277,1
10903,東部航務中心,拖駁船,0,0,0,360,1200,3
10904,東部航務中心,拖駁船,0,0,0,39,130,1
10907,東部航務中心,拖駁船,0,0,0,124,415,1
10908,東部航務中心,拖駁船,0,0,0,104,347,1
10911,東部航務中心,拖駁船,0,0,0,98,329,1
10912,東部航務中心,拖駁船,0,0,0,218,729,2
11001,東部航務中心,拖駁船,0,0,0,343,1142,3
11006,東部航務中心,拖駁船,0,0,0,39,130,1
10001,南部航務中心,拖駁船,0,0,0,260,872,2
10002,南部航務中心,拖駁船,0,0,0,71,239,1
10003,南部航務中心,拖駁船,0,0,0,1041,2520,5
10008,南部航務中心,拖駁船,0,0,0,771,2412,11
10010,南部航務中心,拖駁船,0,0,0,275,1021,4
10012,南部航務中心,拖駁船,0,0,0,511,1751,5
10102,南部航務中心,拖駁船,0,0,0,458,1520,6
10103,南部航務中心,拖駁船,0,0,0,595,1989,5
10106,南部航務中心,拖駁船,0,0,0,264,885,4
10108,南部航務中心,拖駁船,0,0,0,295,931,5
10109,南部航務中心,拖駁船,0,0,0,468,1321,4
10110,南部航務中心,拖駁船,0,0,0,220,734,2
10112,南部航務中心,拖駁船,0,0,0,295,879,5
10204,南部航務中心,拖駁船,0,0,0,578,2059,7
10205,南部航務中心,拖駁船,0,0,0,446,1359,5
10207,南部航務中心,拖駁船,0,0,0,415,1243,7
10208,南部航務中心,拖駁船,0,0,0,702,1936,8
10211,南部航務中心,拖駁船,0,0,0,478,1641,5
10212,南部航務中心,拖駁船,0,0,0,454,1452,6
10301,南部航務中心,拖駁船,0,0,0,507,1698,7
10302,南部航務中心,拖駁船,0,0,0,1144,3001,5
10304,南部航務中心,拖駁船,0,0,0,193,652,5
10306,南部航務中心,拖駁船,0,0,0,320,937,4
10307,南部航務中心,拖駁船,0,0,0,371,1242,5
10311,南部航務中心,拖駁船,0,0,0,541,1780,7
10401,南部航務中心,拖駁船,0,0,0,316,950,3
10403,南部航務中心,拖駁船,0,0,0,338,1132,5
10404,南部航務中心,拖駁船,0,0,0,286,1085,5
10407,南部航務中心,拖駁船,0,0,0,381,1276,6
10408,南部航務中心,拖駁船,0,0,0,904,2884,8
10409,南部航務中心,拖駁船,0,0,0,634,2063,8
10411,南部航務中心,拖駁船,0,0,0,285,786,3
10501,南部航務中心,拖駁船,0,0,0,472,1574,5
10502,南部航務中心,拖駁船,0,0,0,570,1912,6
10504,南部航務中心,拖駁船,0,0,0,1280,4270,8
10505,南部航務中心,拖駁船,0,0,0,395,1325,7
10506,南部航務中心,拖駁船,0,0,0,1525,5156,11
10507,南部航務中心,拖駁船,0,0,0,694,2457,8
10508,南部航務中心,拖駁船,0,0,0,1038,3285,13
10509,南部航務中心,拖駁船,0,0,0,356,772,5
10511,南部航務中心,拖駁船,0,0,0,347,1160,3
10512,南部航務中心,拖駁船,0,0,0,666,2224,5
10602,南部航務中心,拖駁船,0,0,0,179,601,5
10603,南部航務中心,拖駁船,0,0,0,343,1204,7
10604,南部航務中心,拖駁船,0,0,0,43,114,2
10610,南部航務中心,拖駁船,0,0,0,1450,3300,17
10612,南部航務中心,拖駁船,0,0,0,422,1279,4
10701,南部航務中心,拖駁船,0,0,0,160,532,2
10706,南部航務中心,拖駁船,0,0,0,549,1836,6
10708,南部航務中心,拖駁船,0,0,0,465,1186,5
10710,南部航務中心,拖駁船,0,0,0,475,1590,6
10711,南部航務中心,拖駁船,0,0,0,370,1237,5
10712,南部航務中心,拖駁船,0,0,0,593,1934,7
10801,南部航務中心,拖駁船,0,0,0,394,1186,5
10802,南部航務中心,拖駁船,0,0,0,433,1447,3
10803,南部航務中心,拖駁船,0,0,0,494,1651,7
10804,南部航務中心,拖駁船,0,0,0,278,934,6
10806,南部航務中心,拖駁船,0,0,0,637,2087,6
10809,南部航務中心,拖駁船,0,0,0,571,1920,6
10810,南部航務中心,拖駁船,0,0,0,550,1838,5
10811,南部航務中心,拖駁船,0,0,0,234,787,4
10812,南部航務中心,拖駁船,0,0,0,482,1611,4
10901,南部航務中心,拖駁船,0,0,0,163,554,3
10903,南部航務中心,拖駁船,0,0,0,911,3054,13
10904,南部航務中心,拖駁船,0,0,0,823,2703,8
10906,南部航務中心,拖駁船,0,0,0,755,2618,9
10907,南部航務中心,拖駁船,0,0,0,735,2456,7
10908,南部航務中心,拖駁船,0,0,0,264,884,2
10909,南部航務中心,拖駁船,0,0,0,1024,2958,8
10911,南部航務中心,拖駁船,0,0,0,237,792,3
10912,南部航務中心,拖駁船,0,0,0,456,1403,5
11001,南部航務中心,拖駁船,0,0,0,165,555,2
11002,南部航務中心,拖駁船,0,0,0,391,1173,3
11003,南部航務中心,拖駁船,0,0,0,580,1985,12
11005,南部航務中心,拖駁船,0,0,0,842,2757,6
11006,南部航務中心,拖駁船,0,0,0,393,1364,4
10006,南部航務中心,拖駁船,487,146,1,473,1592,6
10007,南部航務中心,拖駁船,32,9,1,774,2087,9
10009,南部航務中心,拖駁船,36,10,1,485,1641,6
10101,南部航務中心,拖駁船,302,90,1,630,2047,9
10202,南部航務中心,拖駁船,415,124,1,379,1269,4
10209,南部航務中心,拖駁船,498,149,1,848,2835,7
10310,南部航務中心,拖駁船,754,226,1,883,2830,8
10312,南部航務中心,拖駁船,730,219,1,699,2268,8
10402,南部航務中心,拖駁船,27,8,1,224,752,4
10406,南部航務中心,拖駁船,357,107,1,755,2218,8
10601,南部航務中心,拖駁船,499,149,1,711,2240,8
10606,南部航務中心,拖駁船,467,140,1,1060,3451,10
10705,南部航務中心,拖駁船,467,140,1,587,1859,8
10709,南部航務中心,拖駁船,499,149,1,487,1535,4
10805,南部航務中心,拖駁船,460,138,1,485,1588,5
10807,南部航務中心,拖駁船,496,148,1,1250,4272,12
10808,南部航務中心,拖駁船,496,148,1,662,1843,5
10902,南部航務中心,拖駁船,65,19,1,815,2592,8
10905,南部航務中心,拖駁船,80,24,1,377,1261,5
10910,南部航務中心,拖駁船,80,24,1,889,3017,11
10704,南部航務中心,拖駁船,515,154,2,356,1366,7
10203,南部航務中心,拖駁船,499,149,3,680,2277,9
11004,南部航務中心,拖駁船,1082,324,3,1031,3394,12
10001,北部航務中心,拖駁船,0,0,0,100,336,1
10004,北部航務中心,拖駁船,0,0,0,72,240,1
10006,北部航務中心,拖駁船,0,0,0,264,869,3
10007,北部航務中心,拖駁船,0,0,0,99,331,1
10008,北部航務中心,拖駁船,0,0,0,117,389,1
10009,北部航務中心,拖駁船,0,0,0,146,514,2
10102,北部航務中心,拖駁船,0,0,0,100,336,1
10103,北部航務中心,拖駁船,0,0,0,13,44,1
10104,北部航務中心,拖駁船,0,0,0,253,833,3
10107,北部航務中心,拖駁船,0,0,0,408,1358,4
10109,北部航務中心,拖駁船,0,0,0,490,1633,3
10110,北部航務中心,拖駁船,0,0,0,764,1756,3
10111,北部航務中心,拖駁船,0,0,0,145,514,2
10201,北部航務中心,拖駁船,0,0,0,25,86,1
10202,北部航務中心,拖駁船,0,0,0,100,336,1
10204,北部航務中心,拖駁船,0,0,0,51,160,1
10205,北部航務中心,拖駁船,0,0,0,1467,3253,3
10206,北部航務中心,拖駁船,0,0,0,290,955,4
10208,北部航務中心,拖駁船,0,0,0,99,331,1
10209,北部航務中心,拖駁船,0,0,0,718,1578,2
10210,北部航務中心,拖駁船,0,0,0,162,567,2
10303,北部航務中心,拖駁船,0,0,0,134,418,2
10304,北部航務中心,拖駁船,0,0,0,81,269,1
10305,北部航務中心,拖駁船,0,0,0,175,575,2
10306,北部航務中心,拖駁船,0,0,0,271,895,3
10307,北部航務中心,拖駁船,0,0,0,216,720,2
10308,北部航務中心,拖駁船,0,0,0,117,389,1
10310,北部航務中心,拖駁船,0,0,0,173,576,2
10401,北部航務中心,拖駁船,0,0,0,117,389,1
10403,北部航務中心,拖駁船,0,0,0,100,336,1
10405,北部航務中心,拖駁船,0,0,0,122,426,4
10406,北部航務中心,拖駁船,0,0,0,350,1170,3
10407,北部航務中心,拖駁船,0,0,0,153,509,2
10408,北部航務中心,拖駁船,0,0,0,216,720,2
10412,北部航務中心,拖駁船,0,0,0,131,440,2
10501,北部航務中心,拖駁船,0,0,0,56,185,1
10502,北部航務中心,拖駁船,0,0,0,99,331,1
10504,北部航務中心,拖駁船,0,0,0,323,1000,4
10505,北部航務中心,拖駁船,0,0,0,51,160,1
10506,北部航務中心,拖駁船,0,0,0,249,820,3
10507,北部航務中心,拖駁船,0,0,0,347,1161,3
10509,北部航務中心,拖駁船,0,0,0,25,86,1
10510,北部航務中心,拖駁船,0,0,0,185,537,2
10511,北部航務中心,拖駁船,0,0,0,185,659,2
10601,北部航務中心,拖駁船,0,0,0,141,471,1
10603,北部航務中心,拖駁船,0,0,0,124,415,1
10604,北部航務中心,拖駁船,0,0,0,117,389,1
10605,北部航務中心,拖駁船,0,0,0,151,496,2
10607,北部航務中心,拖駁船,0,0,0,124,415,1
10608,北部航務中心,拖駁船,0,0,0,117,389,1
10610,北部航務中心,拖駁船,0,0,0,112,413,4
10704,北部航務中心,拖駁船,0,0,0,309,1074,3
10705,北部航務中心,拖駁船,0,0,0,25,86,1
10706,北部航務中心,拖駁船,0,0,0,124,415,1
10708,北部航務中心,拖駁船,0,0,0,293,835,3
10710,北部航務中心,拖駁船,0,0,0,45,178,1
10712,北部航務中心,拖駁船,0,0,0,121,404,1
10801,北部航務中心,拖駁船,0,0,0,68,270,1
10802,北部航務中心,拖駁船,0,0,0,100,336,1
10803,北部航務中心,拖駁船,0,0,0,327,1094,4
10804,北部航務中心,拖駁船,0,0,0,179,597,2
10807,北部航務中心,拖駁船,0,0,0,241,804,2
10808,北部航務中心,拖駁船,0,0,0,289,953,3
10809,北部航務中心,拖駁船,0,0,0,241,804,2
10810,北部航務中心,拖駁船,0,0,0,117,389,1
10811,北部航務中心,拖駁船,0,0,0,99,331,1
10901,北部航務中心,拖駁船,0,0,0,124,415,1
10902,北部航務中心,拖駁船,0,0,0,45,178,1
10903,北部航務中心,拖駁船,0,0,0,124,455,2
10905,北部航務中心,拖駁船,0,0,0,45,140,1
10906,北部航務中心,拖駁船,0,0,0,68,270,1
10907,北部航務中心,拖駁船,0,0,0,25,86,1
10908,北部航務中心,拖駁船,0,0,0,150,491,2
10909,北部航務中心,拖駁船,0,0,0,149,539,2
10910,北部航務中心,拖駁船,0,0,0,103,342,1
10911,北部航務中心,拖駁船,0,0,0,199,665,2
10912,北部航務中心,拖駁船,0,0,0,284,948,3
11002,北部航務中心,拖駁船,0,0,0,121,404,1
11003,北部航務中心,拖駁船,0,0,0,358,1228,5
11004,北部航務中心,拖駁船,0,0,0,301,1004,4
11005,北部航務中心,拖駁船,0,0,0,131,379,2
11006,北部航務中心,拖駁船,0,0,0,213,711,2
10002,中部航務中心,拖駁船,0,0,0,247,827,2
10007,中部航務中心,拖駁船,0,0,0,145,484,2
10010,中部航務中心,拖駁船,0,0,0,353,1181,3
10011,中部航務中心,拖駁船,0,0,0,106,354,1
10012,中部航務中心,拖駁船,0,0,0,275,920,2
10102,中部航務中心,拖駁船,0,0,0,106,354,1
10111,中部航務中心,拖駁船,0,0,0,353,1181,3
10112,中部航務中心,拖駁船,0,0,0,240,694,2
10201,中部航務中心,拖駁船,0,0,0,1119,2921,6
10204,中部航務中心,拖駁船,0,0,0,106,354,1
10206,中部航務中心,拖駁船,0,0,0,13,45,1
10208,中部航務中心,拖駁船,0,0,0,180,604,2
10209,中部航務中心,拖駁船,0,0,0,13,45,1
10211,中部航務中心,拖駁船,0,0,0,59,199,1
10212,中部航務中心,拖駁船,0,0,0,223,749,2
10302,中部航務中心,拖駁船,0,0,0,240,801,2
10303,中部航務中心,拖駁船,0,0,0,268,898,3
10308,中部航務中心,拖駁船,0,0,0,193,649,3
10309,中部航務中心,拖駁船,0,0,0,107,358,1
10310,中部航務中心,拖駁船,0,0,0,517,1698,7
10312,中部航務中心,拖駁船,0,0,0,212,708,2
10401,中部航務中心,拖駁船,0,0,0,104,349,2
10404,中部航務中心,拖駁船,0,0,0,420,1402,3
10406,中部航務中心,拖駁船,0,0,0,204,682,2
10407,中部航務中心,拖駁船,0,0,0,113,383,3
10410,中部航務中心,拖駁船,0,0,0,199,635,3
10411,中部航務中心,拖駁船,0,0,0,183,614,3
10502,中部航務中心,拖駁船,0,0,0,106,354,1
10503,中部航務中心,拖駁船,0,0,0,322,1077,3
10506,中部航務中心,拖駁船,0,0,0,286,958,4
10507,中部航務中心,拖駁船,0,0,0,34,82,1
10508,中部航務中心,拖駁船,0,0,0,82,276,1
10511,中部航務中心,拖駁船,0,0,0,404,1354,4
10512,中部航務中心,拖駁船,0,0,0,337,1129,3
10603,中部航務中心,拖駁船,0,0,0,166,524,2
10604,中部航務中心,拖駁船,0,0,0,106,354,1
10605,中部航務中心,拖駁船,0,0,0,134,447,1
10606,中部航務中心,拖駁船,0,0,0,212,708,2
10607,中部航務中心,拖駁船,0,0,0,296,994,3
10608,中部航務中心,拖駁船,0,0,0,217,727,3
10701,中部航務中心,拖駁船,0,0,0,141,473,1
10702,中部航務中心,拖駁船,0,0,0,141,473,1
10704,中部航務中心,拖駁船,0,0,0,181,572,2
10705,中部航務中心,拖駁船,0,0,0,34,82,1
10706,中部航務中心,拖駁船,0,0,0,286,960,4
10708,中部航務中心,拖駁船,0,0,0,294,984,3
10709,中部航務中心,拖駁船,0,0,0,147,490,1
10710,中部航務中心,拖駁船,0,0,0,132,442,1
10711,中部航務中心,拖駁船,0,0,0,282,945,4
10712,中部航務中心,拖駁船,0,0,0,209,696,2
10802,中部航務中心,拖駁船,0,0,0,141,473,1
10803,中部航務中心,拖駁船,0,0,0,337,1129,3
10804,中部航務中心,拖駁船,0,0,0,263,877,3
10805,中部航務中心,拖駁船,0,0,0,149,499,1
10806,中部航務中心,拖駁船,0,0,0,445,1461,5
10807,中部航務中心,拖駁船,0,0,0,179,600,2
10808,中部航務中心,拖駁船,0,0,0,428,1431,3
10809,中部航務中心,拖駁船,0,0,0,287,958,3
10810,中部航務中心,拖駁船,0,0,0,106,354,1
10811,中部航務中心,拖駁船,0,0,0,98,328,1
10812,中部航務中心,拖駁船,0,0,0,207,695,2
10902,中部航務中心,拖駁船,0,0,0,141,473,1
10903,中部航務中心,拖駁船,0,0,0,329,1103,3
10904,中部航務中心,拖駁船,0,0,0,90,302,1
10905,中部航務中心,拖駁船,0,0,0,106,354,1
10906,中部航務中心,拖駁船,0,0,0,228,762,2
10907,中部航務中心,拖駁船,0,0,0,296,958,5
10908,中部航務中心,拖駁船,0,0,0,106,354,1
10909,中部航務中心,拖駁船,0,0,0,267,829,4
10910,中部航務中心,拖駁船,0,0,0,132,442,1
10911,中部航務中心,拖駁船,0,0,0,125,418,2
10912,中部航務中心,拖駁船,0,0,0,141,473,1
11001,中部航務中心,拖駁船,0,0,0,134,447,1
11004,中部航務中心,拖駁船,0,0,0,141,473,1
11005,中部航務中心,拖駁船,0,0,0,107,357,1
11006,中部航務中心,拖駁船,0,0,0,181,572,2
10210,中部航務中心,拖駁船,358,107,1,558,1867,5
10307,中部航務中心,拖駁船,2320,696,1,696,2320,1
10408,中部航務中心,拖駁船,490,147,1,326,1089,4
10412,中部航務中心,拖駁船,310,93,1,529,1770,6
10509,中部航務中心,拖駁船,349,104,1,475,1586,4
10004,東部航務中心,其他,0,0,0,214,714,2
10009,東部航務中心,其他,0,0,0,58,196,1
10010,東部航務中心,其他,0,0,0,266,887,2
10012,東部航務中心,其他,0,0,0,84,281,3
10101,東部航務中心,其他,0,0,0,59,198,1
10105,東部航務中心,其他,0,0,0,458,1533,3
10106,東部航務中心,其他,0,0,0,98,286,3
10108,東部航務中心,其他,0,0,0,20,67,2
10109,東部航務中心,其他,0,0,0,53,177,2
10110,東部航務中心,其他,0,0,0,18,60,2
10111,東部航務中心,其他,0,0,0,75,205,3
10112,東部航務中心,其他,0,0,0,963,3213,5
10201,東部航務中心,其他,0,0,0,9,30,1
10202,東部航務中心,其他,0,0,0,28,94,1
10203,東部航務中心,其他,0,0,0,77,260,2
10206,東部航務中心,其他,0,0,0,752,2515,6
10207,東部航務中心,其他,0,0,0,176,586,1
10208,東部航務中心,其他,0,0,0,253,845,1
10209,東部航務中心,其他,0,0,0,18,60,2
10210,東部航務中心,其他,0,0,0,11,37,1
10211,東部航務中心,其他,0,0,0,306,1020,2
10212,東部航務中心,其他,0,0,0,85,287,3
10301,東部航務中心,其他,0,0,0,100,335,3
10302,東部航務中心,其他,0,0,0,9,30,1
10305,東部航務中心,其他,0,0,0,58,196,1
10307,東部航務中心,其他,0,0,0,253,845,1
10310,東部航務中心,其他,0,0,0,68,228,2
10402,東部航務中心,其他,0,0,0,38,129,2
10403,東部航務中心,其他,0,0,0,37,124,2
10406,東部航務中心,其他,0,0,0,234,782,2
10407,東部航務中心,其他,0,0,0,9,30,1
10408,東部航務中心,其他,0,0,0,253,845,1
10409,東部航務中心,其他,0,0,0,11,37,1
10412,東部航務中心,其他,0,0,0,463,1544,2
10501,東部航務中心,其他,0,0,0,59,198,1
10503,東部航務中心,其他,0,0,0,29,99,1
10506,東部航務中心,其他,0,0,0,998,3327,2
10507,東部航務中心,其他,0,0,0,18,60,2
10508,東部航務中心,其他,0,0,0,25,85,1
10509,東部航務中心,其他,0,0,0,126,424,3
10605,東部航務中心,其他,0,0,0,58,196,1
10606,東部航務中心,其他,0,0,0,9,30,1
10607,東部航務中心,其他,0,0,0,176,586,1
10609,東部航務中心,其他,0,0,0,312,1043,2
10701,東部航務中心,其他,0,0,0,51,173,1
10703,東部航務中心,其他,0,0,0,80,270,2
10705,東部航務中心,其他,0,0,0,176,586,1
10707,東部航務中心,其他,0,0,0,385,1284,3
10708,東部航務中心,其他,0,0,0,477,1595,3
10709,東部航務中心,其他,0,0,0,838,2796,2
10710,東部航務中心,其他,0,0,0,59,198,1
10712,東部航務中心,其他,0,0,0,294,983,1
10801,東部航務中心,其他,0,0,0,833,2778,2
10803,東部航務中心,其他,0,0,0,248,827,1
10804,東部航務中心,其他,0,0,0,176,586,1
10807,東部航務中心,其他,0,0,0,414,1386,4
10810,東部航務中心,其他,0,0,0,294,983,1
10902,東部航務中心,其他,0,0,0,29,97,1
10905,東部航務中心,其他,0,0,0,176,586,1
10907,東部航務中心,其他,0,0,0,370,1239,3
10911,東部航務中心,其他,0,0,0,294,983,1
11005,東部航務中心,其他,0,0,0,176,586,1
10005,南部航務中心,其他,0,0,0,1250,4184,18
10011,南部航務中心,其他,0,0,0,2913,9208,17
10012,南部航務中心,其他,0,0,0,1498,4719,16
10102,南部航務中心,其他,0,0,0,1415,3432,13
10202,南部航務中心,其他,0,0,0,3672,12202,8
10207,南部航務中心,其他,0,0,0,3770,11983,23
10209,南部航務中心,其他,0,0,0,2181,6405,29
10210,南部航務中心,其他,0,0,0,1227,3838,16
10306,南部航務中心,其他,0,0,0,730,1936,8
10401,南部航務中心,其他,0,0,0,2718,9083,16
10406,南部航務中心,其他,0,0,0,359,1209,13
10409,南部航務中心,其他,0,0,0,1432,4339,9
10502,南部航務中心,其他,0,0,0,2370,6356,7
10505,南部航務中心,其他,0,0,0,3223,10246,18
10601,南部航務中心,其他,0,0,0,2350,7854,15
10602,南部航務中心,其他,0,0,0,3032,8919,9
10603,南部航務中心,其他,0,0,0,3908,11469,13
10610,南部航務中心,其他,0,0,0,9114,18138,41
10701,南部航務中心,其他,0,0,0,3536,11751,12
10702,南部航務中心,其他,0,0,0,1567,5228,6
10703,南部航務中心,其他,0,0,0,5840,18247,23
10705,南部航務中心,其他,0,0,0,640,2105,12
10706,南部航務中心,其他,0,0,0,2068,6329,12
10709,南部航務中心,其他,0,0,0,680,1760,11
10711,南部航務中心,其他,0,0,0,5595,16797,24
10712,南部航務中心,其他,0,0,0,5181,16219,16
10802,南部航務中心,其他,0,0,0,3526,10477,12
10805,南部航務中心,其他,0,0,0,2538,7211,16
10806,南部航務中心,其他,0,0,0,1487,4886,20
10810,南部航務中心,其他,0,0,0,732,2405,14
10812,南部航務中心,其他,0,0,0,3680,10894,17
10902,南部航務中心,其他,0,0,0,4690,15556,16
10903,南部航務中心,其他,0,0,0,3644,10937,23
11001,南部航務中心,其他,0,0,0,1686,5630,11
10003,南部航務中心,其他,174,52,1,1056,3027,13
10007,南部航務中心,其他,402,120,1,2247,6794,21
10008,南部航務中心,其他,961,288,1,2551,8516,18
10103,南部航務中心,其他,950,285,1,1603,5485,13
10107,南部航務中心,其他,128,38,1,2650,8161,24
10109,南部航務中心,其他,7636,2290,1,3614,11224,16
10110,南部航務中心,其他,885,265,1,1056,3490,25
10205,南部航務中心,其他,78,23,1,809,2619,16
10206,南部航務中心,其他,309,92,1,1269,4115,13
10301,南部航務中心,其他,248,74,1,1802,4979,12
10302,南部航務中心,其他,498,149,1,2162,7172,12
10303,南部航務中心,其他,280,84,1,6249,20548,21
10305,南部航務中心,其他,179,53,1,1204,3981,15
10307,南部航務中心,其他,486,145,1,1888,6100,18
10309,南部航務中心,其他,3719,1115,1,3248,10205,21
10311,南部航務中心,其他,3719,1115,1,3473,9261,12
10312,南部航務中心,其他,176,52,1,1195,3370,20
10403,南部航務中心,其他,173,51,1,3708,11181,16
10412,南部航務中心,其他,173,51,1,3573,10176,28
10508,南部航務中心,其他,76,22,1,1468,4329,14
10510,南部航務中心,其他,173,51,1,629,1609,9
10605,南部航務中心,其他,1314,394,1,1010,3353,15
10704,南部航務中心,其他,2151,1047,1,2902,7567,19
10803,南部航務中心,其他,1314,394,1,3405,11336,18
10804,南部航務中心,其他,130,39,1,3196,8821,16
10807,南部航務中心,其他,36,10,1,618,2073,14
10808,南部航務中心,其他,102,30,1,1330,4221,16
10811,南部航務中心,其他,64,19,1,2121,6473,17
10905,南部航務中心,其他,27,8,1,6578,20900,22
10906,南部航務中心,其他,64,19,1,3418,9743,20
10907,南部航務中心,其他,68,20,1,2738,5437,14
10910,南部航務中心,其他,64,19,1,5589,18476,20
11002,南部航務中心,其他,63,18,1,743,2390,10
10002,南部航務中心,其他,621,186,2,1052,3485,12
10006,南部航務中心,其他,1221,365,2,2076,6052,18
10104,南部航務中心,其他,1124,337,2,1683,5506,19
10208,南部航務中心,其他,383,114,2,5361,17446,21
10308,南部航務中心,其他,2424,726,2,2013,6105,14
10310,南部航務中心,其他,2824,846,2,1888,6112,20
10405,南部航務中心,其他,200,59,2,1279,4281,16
10501,南部航務中心,其他,2186,654,2,2632,8506,13
10512,南部航務中心,其他,346,102,2,1863,6229,22
10607,南部航務中心,其他,320,95,2,3293,10694,23
10609,南部航務中心,其他,5889,1766,2,7530,25127,20
10612,南部航務中心,其他,547,163,2,2503,7248,14
10710,南部航務中心,其他,675,201,2,1858,6237,20
10801,南部航務中心,其他,9716,2914,2,5566,18572,16
10809,南部航務中心,其他,358,107,2,5801,19055,15
10908,南部航務中心,其他,124,37,2,2660,8791,24
10909,南部航務中心,其他,120,60,2,702,2142,11
10911,南部航務中心,其他,1351,405,2,2310,7725,19
10912,南部航務中心,其他,2171,650,2,4702,13736,16
11003,南部航務中心,其他,5985,1794,2,7320,24396,25
11006,南部航務中心,其他,158,46,2,2368,7918,12
10203,南部航務中心,其他,10986,3295,3,4706,15697,18
10204,南部航務中心,其他,9488,2845,3,4635,14898,18
10404,南部航務中心,其他,5424,1626,3,2676,8428,16
10506,南部航務中心,其他,13242,3971,3,9135,30350,24
10901,南部航務中心,其他,1831,548,3,2311,7216,17
11004,南部航務中心,其他,4620,1384,3,3459,9871,13
11005,南部航務中心,其他,1583,473,4,2873,8387,20
10410,南部航務中心,其他,2460,767,5,1807,5293,17
10503,南部航務中心,其他,2980,891,6,4786,13130,32
10904,南部航務中心,其他,544,185,6,5374,17855,15
10002,北部航務中心,其他,0,0,0,144,485,4
10004,北部航務中心,其他,0,0,0,229,768,6
10005,北部航務中心,其他,0,0,0,41,140,3
10006,北部航務中心,其他,0,0,0,123,412,8
10008,北部航務中心,其他,0,0,0,344,1148,10
10009,北部航務中心,其他,0,0,0,187,626,8
10010,北部航務中心,其他,0,0,0,372,1242,7
10012,北部航務中心,其他,0,0,0,102,347,4
10102,北部航務中心,其他,0,0,0,305,1022,3
10103,北部航務中心,其他,0,0,0,326,761,6
10104,北部航務中心,其他,0,0,0,244,814,6
10105,北部航務中心,其他,0,0,0,267,896,9
10106,北部航務中心,其他,0,0,0,128,431,5
10107,北部航務中心,其他,0,0,0,297,994,6
10108,北部航務中心,其他,0,0,0,103,343,6
10110,北部航務中心,其他,0,0,0,73,247,5
10112,北部航務中心,其他,0,0,0,930,3101,9
10201,北部航務中心,其他,0,0,0,273,580,4
10202,北部航務中心,其他,0,0,0,371,906,5
10203,北部航務中心,其他,0,0,0,408,1118,12
10204,北部航務中心,其他,0,0,0,101,340,5
10206,北部航務中心,其他,0,0,0,71,238,4
10207,北部航務中心,其他,0,0,0,136,457,5
10208,北部航務中心,其他,0,0,0,316,1056,7
10209,北部航務中心,其他,0,0,0,93,312,6
10210,北部航務中心,其他,0,0,0,183,615,8
10211,北部航務中心,其他,0,0,0,364,1226,15
10212,北部航務中心,其他,0,0,0,1186,3955,8
10302,北部航務中心,其他,0,0,0,290,973,5
10303,北部航務中心,其他,0,0,0,1055,3523,11
10304,北部航務中心,其他,0,0,0,454,1190,10
10305,北部航務中心,其他,0,0,0,294,981,5
10308,北部航務中心,其他,0,0,0,100,340,5
10309,北部航務中心,其他,0,0,0,214,718,8
10310,北部航務中心,其他,0,0,0,200,668,6
10312,北部航務中心,其他,0,0,0,1133,3774,11
10401,北部航務中心,其他,0,0,0,104,349,3
10402,北部航務中心,其他,0,0,0,25,85,2
10403,北部航務中心,其他,0,0,0,810,2375,8
10404,北部航務中心,其他,0,0,0,60,201,5
10405,北部航務中心,其他,0,0,0,373,920,9
10406,北部航務中心,其他,0,0,0,414,1382,7
10407,北部航務中心,其他,0,0,0,35,117,3
10408,北部航務中心,其他,0,0,0,178,595,7
10410,北部航務中心,其他,0,0,0,434,1450,7
10411,北部航務中心,其他,0,0,0,503,1433,13
10412,北部航務中心,其他,0,0,0,457,1526,6
10501,北部航務中心,其他,0,0,0,110,369,5
10503,北部航務中心,其他,0,0,0,314,719,3
10504,北部航務中心,其他,0,0,0,358,1198,5
10505,北部航務中心,其他,0,0,0,288,968,8
10506,北部航務中心,其他,0,0,0,282,610,5
10507,北部航務中心,其他,0,0,0,394,1316,8
10508,北部航務中心,其他,0,0,0,190,643,7
10509,北部航務中心,其他,0,0,0,495,1137,4
10602,北部航務中心,其他,0,0,0,16,55,1
10604,北部航務中心,其他,0,0,0,43,142,3
10605,北部航務中心,其他,0,0,0,691,1983,10
10606,北部航務中心,其他,0,0,0,282,688,6
10607,北部航務中心,其他,0,0,0,297,992,4
10608,北部航務中心,其他,0,0,0,195,658,7
10610,北部航務中心,其他,0,0,0,1189,2824,15
10611,北部航務中心,其他,0,0,0,742,2476,6
10612,北部航務中心,其他,0,0,0,114,381,7
10701,北部航務中心,其他,0,0,0,118,394,5
10703,北部航務中心,其他,0,0,0,291,979,7
10704,北部航務中心,其他,0,0,0,9,30,1
10707,北部航務中心,其他,0,0,0,404,1356,8
10708,北部航務中心,其他,0,0,0,389,1300,7
10709,北部航務中心,其他,0,0,0,152,509,6
10710,北部航務中心,其他,0,0,0,257,865,9
10711,北部航務中心,其他,0,0,0,242,814,7
10712,北部航務中心,其他,0,0,0,423,1422,12
10801,北部航務中心,其他,0,0,0,258,865,9
10802,北部航務中心,其他,0,0,0,45,154,2
10803,北部航務中心,其他,0,0,0,175,584,2
10804,北部航務中心,其他,0,0,0,285,776,4
10805,北部航務中心,其他,0,0,0,611,1865,8
10806,北部航務中心,其他,0,0,0,66,224,5
10807,北部航務中心,其他,0,0,0,106,358,4
10808,北部航務中心,其他,0,0,0,291,968,6
10809,北部航務中心,其他,0,0,0,181,610,7
10810,北部航務中心,其他,0,0,0,870,2906,8
10811,北部航務中心,其他,0,0,0,265,630,4
10812,北部航務中心,其他,0,0,0,149,498,5
10901,北部航務中心,其他,0,0,0,721,2412,8
10902,北部航務中心,其他,0,0,0,87,293,5
10903,北部航務中心,其他,0,0,0,1184,2614,6
10904,北部航務中心,其他,0,0,0,361,1031,8
10905,北部航務中心,其他,0,0,0,514,1502,7
10906,北部航務中心,其他,0,0,0,42,141,3
10907,北部航務中心,其他,0,0,0,844,2644,11
10908,北部航務中心,其他,0,0,0,266,891,8
10909,北部航務中心,其他,0,0,0,425,1424,7
10911,北部航務中心,其他,0,0,0,317,1057,3
10912,北部航務中心,其他,0,0,0,225,757,8
11001,北部航務中心,其他,0,0,0,18,60,2
11002,北部航務中心,其他,0,0,0,1104,3679,6
11003,北部航務中心,其他,0,0,0,339,1137,8
11004,北部航務中心,其他,0,0,0,476,1234,5
11005,北部航務中心,其他,0,0,0,162,545,6
10510,北部航務中心,其他,98,29,1,460,1538,6
10910,北部航務中心,其他,175,52,1,223,751,9
11006,北部航務中心,其他,175,52,1,1536,5129,7
10001,中部航務中心,其他,0,0,0,271,653,2
10003,中部航務中心,其他,0,0,0,193,654,5
10005,中部航務中心,其他,0,0,0,485,1625,4
10006,中部航務中心,其他,0,0,0,280,941,3
10009,中部航務中心,其他,0,0,0,328,839,3
10101,中部航務中心,其他,0,0,0,38,130,2
10102,中部航務中心,其他,0,0,0,129,433,2
10103,中部航務中心,其他,0,0,0,453,996,1
10104,中部航務中心,其他,0,0,0,21,72,1
10105,中部航務中心,其他,0,0,0,493,1132,3
10107,中部航務中心,其他,0,0,0,313,1048,4
10111,中部航務中心,其他,0,0,0,387,1038,4
10201,中部航務中心,其他,0,0,0,68,225,2
10203,中部航務中心,其他,0,0,0,220,737,4
10206,中部航務中心,其他,0,0,0,287,963,3
10207,中部航務中心,其他,0,0,0,9,30,1
10208,中部航務中心,其他,0,0,0,763,2036,5
10209,中部航務中心,其他,0,0,0,97,326,1
10210,中部航務中心,其他,0,0,0,171,567,4
10211,中部航務中心,其他,0,0,0,876,2922,6
10301,中部航務中心,其他,0,0,0,97,326,1
10304,中部航務中心,其他,0,0,0,131,437,1
10305,中部航務中心,其他,0,0,0,274,661,2
10307,中部航務中心,其他,0,0,0,295,992,3
10308,中部航務中心,其他,0,0,0,582,1430,4
10309,中部航務中心,其他,0,0,0,72,240,2
10310,中部航務中心,其他,0,0,0,632,2113,3
10311,中部航務中心,其他,0,0,0,776,2592,6
10312,中部航務中心,其他,0,0,0,276,920,4
10402,中部航務中心,其他,0,0,0,97,326,1
10403,中部航務中心,其他,0,0,0,276,933,2
10405,中部航務中心,其他,0,0,0,579,1940,5
10406,中部航務中心,其他,0,0,0,436,1461,3
10409,中部航務中心,其他,0,0,0,248,834,3
10410,中部航務中心,其他,0,0,0,190,638,3
10501,中部航務中心,其他,0,0,0,346,1160,3
10502,中部航務中心,其他,0,0,0,265,885,1
10503,中部航務中心,其他,0,0,0,117,393,1
10504,中部航務中心,其他,0,0,0,266,890,2
10506,中部航務中心,其他,0,0,0,160,537,2
10508,中部航務中心,其他,0,0,0,635,2127,5
10509,中部航務中心,其他,0,0,0,189,639,4
10510,中部航務中心,其他,0,0,0,255,854,3
10511,中部航務中心,其他,0,0,0,47,158,2
10512,中部航務中心,其他,0,0,0,814,2681,8
10601,中部航務中心,其他,0,0,0,61,207,3
10605,中部航務中心,其他,0,0,0,697,1812,4
10606,中部航務中心,其他,0,0,0,11,39,1
10607,中部航務中心,其他,0,0,0,2102,3901,4
10610,中部航務中心,其他,0,0,0,1131,3764,8
10611,中部航務中心,其他,0,0,0,481,1622,5
10612,中部航務中心,其他,0,0,0,362,1211,2
10702,中部航務中心,其他,0,0,0,9,30,1
10703,中部航務中心,其他,0,0,0,960,1649,2
10704,中部航務中心,其他,0,0,0,1235,4084,5
10706,中部航務中心,其他,0,0,0,570,1906,5
10707,中部航務中心,其他,0,0,0,704,2106,6
10708,中部航務中心,其他,0,0,0,992,2802,6
10709,中部航務中心,其他,0,0,0,752,2512,3
10710,中部航務中心,其他,0,0,0,285,953,3
10711,中部航務中心,其他,0,0,0,793,2656,6
10712,中部航務中心,其他,0,0,0,333,1114,2
10801,中部航務中心,其他,0,0,0,344,1152,4
10802,中部航務中心,其他,0,0,0,157,523,2
10803,中部航務中心,其他,0,0,0,412,1375,1
10804,中部航務中心,其他,0,0,0,1285,2738,5
10805,中部航務中心,其他,0,0,0,521,1751,6
10806,中部航務中心,其他,0,0,0,1715,5726,6
10807,中部航務中心,其他,0,0,0,579,1936,5
10808,中部航務中心,其他,0,0,0,1043,2969,8
10809,中部航務中心,其他,0,0,0,1014,3385,3
10810,中部航務中心,其他,0,0,0,640,2141,6
10811,中部航務中心,其他,0,0,0,454,1521,5
10812,中部航務中心,其他,0,0,0,156,522,2
10901,中部航務中心,其他,0,0,0,110,371,3
10903,中部航務中心,其他,0,0,0,1335,4457,6
10904,中部航務中心,其他,0,0,0,192,642,2
10905,中部航務中心,其他,0,0,0,495,1651,3
10906,中部航務中心,其他,0,0,0,316,1060,3
10907,中部航務中心,其他,0,0,0,951,2663,5
10908,中部航務中心,其他,0,0,0,583,1949,5
10909,中部航務中心,其他,0,0,0,1062,3044,8
10910,中部航務中心,其他,0,0,0,1080,3090,6
10911,中部航務中心,其他,0,0,0,401,1341,2
10912,中部航務中心,其他,0,0,0,231,775,4
11001,中部航務中心,其他,0,0,0,23,78,1
11003,中部航務中心,其他,0,0,0,49,166,1
11004,中部航務中心,其他,0,0,0,1310,3032,4
11005,中部航務中心,其他,0,0,0,31,106,2
11006,中部航務中心,其他,0,0,0,330,1110,4
10303,中部航務中心,其他,575,172,1,362,1212,3
10411,中部航務中心,其他,495,160,1,566,1853,5
